timestamp,features_used,model,rmse,mae,mape,notes
2025-08-11,customer_count,RNN,452.4,318.6,12.67,baseline，純單變量，前7天預測下一天，SEQ_LEN=7
2025-08-11,customer_count,LSTM,462.4,306.6,11.94,baseline，純單變量，前7天預測下一天，SEQ_LEN=7
2026-08-12 00:49,"customer_count, dow_mon, dow_tue, dow_wed, dow_thu, dow_fri, dow_sat, dow_sun, holiday_元宵_day, holiday_元宵_dist, holiday_端午_day, holiday_端午_dist, holiday_母親節_day, holiday_母親節_dist, holiday_中秋_day, holiday_中秋_dist, holiday_中元_day, holiday_中元_dist, holiday_七夕_day, holiday_七夕_dist, holiday_父親節_day, holiday_父親節_dist, holiday_雙十_day, holiday_雙十_dist, holiday_冬至_day, holiday_冬至_dist, holiday_聖誕_day, holiday_聖誕_dist, holiday_清明_day, holiday_清明_dist, holiday_元旦_day, holiday_元旦_dist, holiday_除夕_day, holiday_除夕_dist, holiday_春節_day, holiday_春節_dist, holiday_周年慶",RNN,438.9,287.6,10.82,dow用顯式7欄版本
2026-08-12 00:49,"customer_count, dow_mon, dow_tue, dow_wed, dow_thu, dow_fri, dow_sat, dow_sun, holiday_元宵_day, holiday_元宵_dist, holiday_端午_day, holiday_端午_dist, holiday_母親節_day, holiday_母親節_dist, holiday_中秋_day, holiday_中秋_dist, holiday_中元_day, holiday_中元_dist, holiday_七夕_day, holiday_七夕_dist, holiday_父親節_day, holiday_父親節_dist, holiday_雙十_day, holiday_雙十_dist, holiday_冬至_day, holiday_冬至_dist, holiday_聖誕_day, holiday_聖誕_dist, holiday_清明_day, holiday_清明_dist, holiday_元旦_day, holiday_元旦_dist, holiday_除夕_day, holiday_除夕_dist, holiday_春節_day, holiday_春節_dist, holiday_周年慶",LSTM,404.3,269.2,10.34,dow用顯式7欄版本
2026-08-12 00:52,"customer_count, dow_sin, dow_cos, holiday_元宵_day, holiday_元宵_dist, holiday_端午_day, holiday_端午_dist, holiday_母親節_day, holiday_母親節_dist, holiday_中秋_day, holiday_中秋_dist, holiday_中元_day, holiday_中元_dist, holiday_七夕_day, holiday_七夕_dist, holiday_父親節_day, holiday_父親節_dist, holiday_雙十_day, holiday_雙十_dist, holiday_冬至_day, holiday_冬至_dist, holiday_聖誕_day, holiday_聖誕_dist, holiday_清明_day, holiday_清明_dist, holiday_元旦_day, holiday_元旦_dist, holiday_除夕_day, holiday_除夕_dist, holiday_春節_day, holiday_春節_dist, holiday_周年慶",RNN,449.2,286.7,10.84,dow用sin-cos版本
2026-08-12 00:52,"customer_count, dow_sin, dow_cos, holiday_元宵_day, holiday_元宵_dist, holiday_端午_day, holiday_端午_dist, holiday_母親節_day, holiday_母親節_dist, holiday_中秋_day, holiday_中秋_dist, holiday_中元_day, holiday_中元_dist, holiday_七夕_day, holiday_七夕_dist, holiday_父親節_day, holiday_父親節_dist, holiday_雙十_day, holiday_雙十_dist, holiday_冬至_day, holiday_冬至_dist, holiday_聖誕_day, holiday_聖誕_dist, holiday_清明_day, holiday_清明_dist, holiday_元旦_day, holiday_元旦_dist, holiday_除夕_day, holiday_除夕_dist, holiday_春節_day, holiday_春節_dist, holiday_周年慶",LSTM,418.9,280.9,10.87,dow用sin-cos版本
2026-08-12 20:14,"customer_count, dow_mon, dow_tue, dow_wed, dow_thu, dow_fri, dow_sat, dow_sun, payday5_day, payday5_dist, holiday_元宵_day, holiday_元宵_dist, holiday_端午_day, holiday_端午_dist, holiday_母親節_day, holiday_母親節_dist, holiday_中秋_day, holiday_中秋_dist, holiday_中元_day, holiday_中元_dist, holiday_七夕_day, holiday_七夕_dist, holiday_父親節_day, holiday_父親節_dist, holiday_雙十_day, holiday_雙十_dist, holiday_冬至_day, holiday_冬至_dist, holiday_聖誕_day, holiday_聖誕_dist, holiday_清明_day, holiday_清明_dist, holiday_元旦_day, holiday_元旦_dist, holiday_除夕_day, holiday_除夕_dist, holiday_春節_day, holiday_春節_dist, holiday_周年慶",RNN,436.7,282.5,10.68,加入發薪日5號
2026-08-12 20:14,"customer_count, dow_mon, dow_tue, dow_wed, dow_thu, dow_fri, dow_sat, dow_sun, payday5_day, payday5_dist, holiday_元宵_day, holiday_元宵_dist, holiday_端午_day, holiday_端午_dist, holiday_母親節_day, holiday_母親節_dist, holiday_中秋_day, holiday_中秋_dist, holiday_中元_day, holiday_中元_dist, holiday_七夕_day, holiday_七夕_dist, holiday_父親節_day, holiday_父親節_dist, holiday_雙十_day, holiday_雙十_dist, holiday_冬至_day, holiday_冬至_dist, holiday_聖誕_day, holiday_聖誕_dist, holiday_清明_day, holiday_清明_dist, holiday_元旦_day, holiday_元旦_dist, holiday_除夕_day, holiday_除夕_dist, holiday_春節_day, holiday_春節_dist, holiday_周年慶",LSTM,418.0,290.5,11.13,加入發薪日5號
2026-08-12 20:18,"customer_count, dow_mon, dow_tue, dow_wed, dow_thu, dow_fri, dow_sat, dow_sun, month_1, month_2, month_3, month_4, month_5, month_6, month_7, month_8, month_9, month_10, month_11, month_12, holiday_元宵_day, holiday_元宵_dist, holiday_端午_day, holiday_端午_dist, holiday_母親節_day, holiday_母親節_dist, holiday_中秋_day, holiday_中秋_dist, holiday_中元_day, holiday_中元_dist, holiday_七夕_day, holiday_七夕_dist, holiday_父親節_day, holiday_父親節_dist, holiday_雙十_day, holiday_雙十_dist, holiday_冬至_day, holiday_冬至_dist, holiday_聖誕_day, holiday_聖誕_dist, holiday_清明_day, holiday_清明_dist, holiday_元旦_day, holiday_元旦_dist, holiday_除夕_day, holiday_除夕_dist, holiday_春節_day, holiday_春節_dist, holiday_周年慶",RNN,440.1,289.3,11.06,加入月份(顯式12欄)，移除payday5
2026-08-12 20:18,"customer_count, dow_mon, dow_tue, dow_wed, dow_thu, dow_fri, dow_sat, dow_sun, month_1, month_2, month_3, month_4, month_5, month_6, month_7, month_8, month_9, month_10, month_11, month_12, holiday_元宵_day, holiday_元宵_dist, holiday_端午_day, holiday_端午_dist, holiday_母親節_day, holiday_母親節_dist, holiday_中秋_day, holiday_中秋_dist, holiday_中元_day, holiday_中元_dist, holiday_七夕_day, holiday_七夕_dist, holiday_父親節_day, holiday_父親節_dist, holiday_雙十_day, holiday_雙十_dist, holiday_冬至_day, holiday_冬至_dist, holiday_聖誕_day, holiday_聖誕_dist, holiday_清明_day, holiday_清明_dist, holiday_元旦_day, holiday_元旦_dist, holiday_除夕_day, holiday_除夕_dist, holiday_春節_day, holiday_春節_dist, holiday_周年慶",LSTM,420.6,272.5,10.4,加入月份(顯式12欄)，移除payday5
2026-08-12 22:50,"customer_count, rain_flag, dow_mon, dow_tue, dow_wed, dow_thu, dow_fri, dow_sat, dow_sun, holiday_元宵_day, holiday_元宵_dist, holiday_端午_day, holiday_端午_dist, holiday_母親節_day, holiday_母親節_dist, holiday_中秋_day, holiday_中秋_dist, holiday_中元_day, holiday_中元_dist, holiday_七夕_day, holiday_七夕_dist, holiday_父親節_day, holiday_父親節_dist, holiday_雙十_day, holiday_雙十_dist, holiday_冬至_day, holiday_冬至_dist, holiday_聖誕_day, holiday_聖誕_dist, holiday_清明_day, holiday_清明_dist, holiday_元旦_day, holiday_元旦_dist, holiday_除夕_day, holiday_除夕_dist, holiday_春節_day, holiday_春節_dist, holiday_周年慶",RNN,445.4,290.0,11.14,rain_flag版本A(過去7天，無洩漏風險)
2026-08-12 22:50,"customer_count, rain_flag, dow_mon, dow_tue, dow_wed, dow_thu, dow_fri, dow_sat, dow_sun, holiday_元宵_day, holiday_元宵_dist, holiday_端午_day, holiday_端午_dist, holiday_母親節_day, holiday_母親節_dist, holiday_中秋_day, holiday_中秋_dist, holiday_中元_day, holiday_中元_dist, holiday_七夕_day, holiday_七夕_dist, holiday_父親節_day, holiday_父親節_dist, holiday_雙十_day, holiday_雙十_dist, holiday_冬至_day, holiday_冬至_dist, holiday_聖誕_day, holiday_聖誕_dist, holiday_清明_day, holiday_清明_dist, holiday_元旦_day, holiday_元旦_dist, holiday_除夕_day, holiday_除夕_dist, holiday_春節_day, holiday_春節_dist, holiday_周年慶",LSTM,429.5,284.9,10.83,rain_flag版本A(過去7天，無洩漏風險)
2026-08-12 22:52,"customer_count, dow_mon, dow_tue, dow_wed, dow_thu, dow_fri, dow_sat, dow_sun, rain_flag, holiday_元宵_day, holiday_元宵_dist, holiday_端午_day, holiday_端午_dist, holiday_母親節_day, holiday_母親節_dist, holiday_中秋_day, holiday_中秋_dist, holiday_中元_day, holiday_中元_dist, holiday_七夕_day, holiday_七夕_dist, holiday_父親節_day, holiday_父親節_dist, holiday_雙十_day, holiday_雙十_dist, holiday_冬至_day, holiday_冬至_dist, holiday_聖誕_day, holiday_聖誕_dist, holiday_清明_day, holiday_清明_dist, holiday_元旦_day, holiday_元旦_dist, holiday_除夕_day, holiday_除夕_dist, holiday_春節_day, holiday_春節_dist, holiday_周年慶",RNN,445.3,292.1,11.14,rain_flag版本B(當天/模擬預報值)
2026-08-12 22:52,"customer_count, dow_mon, dow_tue, dow_wed, dow_thu, dow_fri, dow_sat, dow_sun, rain_flag, holiday_元宵_day, holiday_元宵_dist, holiday_端午_day, holiday_端午_dist, holiday_母親節_day, holiday_母親節_dist, holiday_中秋_day, holiday_中秋_dist, holiday_中元_day, holiday_中元_dist, holiday_七夕_day, holiday_七夕_dist, holiday_父親節_day, holiday_父親節_dist, holiday_雙十_day, holiday_雙十_dist, holiday_冬至_day, holiday_冬至_dist, holiday_聖誕_day, holiday_聖誕_dist, holiday_清明_day, holiday_清明_dist, holiday_元旦_day, holiday_元旦_dist, holiday_除夕_day, holiday_除夕_dist, holiday_春節_day, holiday_春節_dist, holiday_周年慶",LSTM,419.9,277.4,10.57,rain_flag版本B(當天/模擬預報值)
2026-08-12 23:42,"customer_count, dow_mon, dow_tue, dow_wed, dow_thu, dow_fri, dow_sat, dow_sun, holiday_元宵_day, holiday_元宵_dist, holiday_端午_day, holiday_端午_dist, holiday_母親節_day, holiday_母親節_dist, holiday_中秋_day, holiday_中秋_dist, holiday_中元_day, holiday_中元_dist, holiday_七夕_day, holiday_七夕_dist, holiday_父親節_day, holiday_父親節_dist, holiday_雙十_day, holiday_雙十_dist, holiday_冬至_day, holiday_冬至_dist, holiday_聖誕_day, holiday_聖誕_dist, holiday_清明_day, holiday_清明_dist, holiday_元旦_day, holiday_元旦_dist, holiday_除夕_day, holiday_除夕_dist, holiday_春節_day, holiday_春節_dist, holiday_周年慶",RNN,438.9,287.6,10.82,回到最佳基準版本，準備做節日重要性分析
2026-08-12 23:42,"customer_count, dow_mon, dow_tue, dow_wed, dow_thu, dow_fri, dow_sat, dow_sun, holiday_元宵_day, holiday_元宵_dist, holiday_端午_day, holiday_端午_dist, holiday_母親節_day, holiday_母親節_dist, holiday_中秋_day, holiday_中秋_dist, holiday_中元_day, holiday_中元_dist, holiday_七夕_day, holiday_七夕_dist, holiday_父親節_day, holiday_父親節_dist, holiday_雙十_day, holiday_雙十_dist, holiday_冬至_day, holiday_冬至_dist, holiday_聖誕_day, holiday_聖誕_dist, holiday_清明_day, holiday_清明_dist, holiday_元旦_day, holiday_元旦_dist, holiday_除夕_day, holiday_除夕_dist, holiday_春節_day, holiday_春節_dist, holiday_周年慶",LSTM,404.3,269.2,10.34,回到最佳基準版本，準備做節日重要性分析
2026-08-12 23:53,"customer_count, dow_mon, dow_tue, dow_wed, dow_thu, dow_fri, dow_sat, dow_sun, avg_temp, holiday_元宵_day, holiday_元宵_dist, holiday_端午_day, holiday_端午_dist, holiday_母親節_day, holiday_母親節_dist, holiday_中秋_day, holiday_中秋_dist, holiday_中元_day, holiday_中元_dist, holiday_七夕_day, holiday_七夕_dist, holiday_父親節_day, holiday_父親節_dist, holiday_雙十_day, holiday_雙十_dist, holiday_冬至_day, holiday_冬至_dist, holiday_聖誕_day, holiday_聖誕_dist, holiday_清明_day, holiday_清明_dist, holiday_元旦_day, holiday_元旦_dist, holiday_除夕_day, holiday_除夕_dist, holiday_春節_day, holiday_春節_dist, holiday_周年慶",RNN,443.4,298.0,11.46,avg_temp版本B(當天/模擬預報值)，重測(修正正規化bug後)
2026-08-12 23:53,"customer_count, dow_mon, dow_tue, dow_wed, dow_thu, dow_fri, dow_sat, dow_sun, avg_temp, holiday_元宵_day, holiday_元宵_dist, holiday_端午_day, holiday_端午_dist, holiday_母親節_day, holiday_母親節_dist, holiday_中秋_day, holiday_中秋_dist, holiday_中元_day, holiday_中元_dist, holiday_七夕_day, holiday_七夕_dist, holiday_父親節_day, holiday_父親節_dist, holiday_雙十_day, holiday_雙十_dist, holiday_冬至_day, holiday_冬至_dist, holiday_聖誕_day, holiday_聖誕_dist, holiday_清明_day, holiday_清明_dist, holiday_元旦_day, holiday_元旦_dist, holiday_除夕_day, holiday_除夕_dist, holiday_春節_day, holiday_春節_dist, holiday_周年慶",LSTM,422.8,278.7,10.72,avg_temp版本B(當天/模擬預報值)，重測(修正正規化bug後)
2026-08-12 23:58,"customer_count, dow_mon, dow_tue, dow_wed, dow_thu, dow_fri, dow_sat, dow_sun, avg_humidity, holiday_元宵_day, holiday_元宵_dist, holiday_端午_day, holiday_端午_dist, holiday_母親節_day, holiday_母親節_dist, holiday_中秋_day, holiday_中秋_dist, holiday_中元_day, holiday_中元_dist, holiday_七夕_day, holiday_七夕_dist, holiday_父親節_day, holiday_父親節_dist, holiday_雙十_day, holiday_雙十_dist, holiday_冬至_day, holiday_冬至_dist, holiday_聖誕_day, holiday_聖誕_dist, holiday_清明_day, holiday_清明_dist, holiday_元旦_day, holiday_元旦_dist, holiday_除夕_day, holiday_除夕_dist, holiday_春節_day, holiday_春節_dist, holiday_周年慶",RNN,440.5,290.9,11.11,avg_humidity版本B(當天/模擬預報值)，重測(修正正規化bug後)
2026-08-12 23:58,"customer_count, dow_mon, dow_tue, dow_wed, dow_thu, dow_fri, dow_sat, dow_sun, avg_humidity, holiday_元宵_day, holiday_元宵_dist, holiday_端午_day, holiday_端午_dist, holiday_母親節_day, holiday_母親節_dist, holiday_中秋_day, holiday_中秋_dist, holiday_中元_day, holiday_中元_dist, holiday_七夕_day, holiday_七夕_dist, holiday_父親節_day, holiday_父親節_dist, holiday_雙十_day, holiday_雙十_dist, holiday_冬至_day, holiday_冬至_dist, holiday_聖誕_day, holiday_聖誕_dist, holiday_清明_day, holiday_清明_dist, holiday_元旦_day, holiday_元旦_dist, holiday_除夕_day, holiday_除夕_dist, holiday_春節_day, holiday_春節_dist, holiday_周年慶",LSTM,434.8,287.7,10.95,avg_humidity版本B(當天/模擬預報值)，重測(修正正規化bug後)
2026-08-12 23:59,"customer_count, dow_mon, dow_tue, dow_wed, dow_thu, dow_fri, dow_sat, dow_sun, rainfall, holiday_元宵_day, holiday_元宵_dist, holiday_端午_day, holiday_端午_dist, holiday_母親節_day, holiday_母親節_dist, holiday_中秋_day, holiday_中秋_dist, holiday_中元_day, holiday_中元_dist, holiday_七夕_day, holiday_七夕_dist, holiday_父親節_day, holiday_父親節_dist, holiday_雙十_day, holiday_雙十_dist, holiday_冬至_day, holiday_冬至_dist, holiday_聖誕_day, holiday_聖誕_dist, holiday_清明_day, holiday_清明_dist, holiday_元旦_day, holiday_元旦_dist, holiday_除夕_day, holiday_除夕_dist, holiday_春節_day, holiday_春節_dist, holiday_周年慶",RNN,438.8,294.5,11.3,rainfall版本B(當天/模擬預報值)，重測(修正正規化bug後)
2026-08-12 23:59,"customer_count, dow_mon, dow_tue, dow_wed, dow_thu, dow_fri, dow_sat, dow_sun, rainfall, holiday_元宵_day, holiday_元宵_dist, holiday_端午_day, holiday_端午_dist, holiday_母親節_day, holiday_母親節_dist, holiday_中秋_day, holiday_中秋_dist, holiday_中元_day, holiday_中元_dist, holiday_七夕_day, holiday_七夕_dist, holiday_父親節_day, holiday_父親節_dist, holiday_雙十_day, holiday_雙十_dist, holiday_冬至_day, holiday_冬至_dist, holiday_聖誕_day, holiday_聖誕_dist, holiday_清明_day, holiday_清明_dist, holiday_元旦_day, holiday_元旦_dist, holiday_除夕_day, holiday_除夕_dist, holiday_春節_day, holiday_春節_dist, holiday_周年慶",LSTM,415.7,278.9,10.69,rainfall版本B(當天/模擬預報值)，重測(修正正規化bug後)
2026-08-13 00:01,"customer_count, dow_mon, dow_tue, dow_wed, dow_thu, dow_fri, dow_sat, dow_sun, rainfall, holiday_元宵_day, holiday_元宵_dist, holiday_端午_day, holiday_端午_dist, holiday_母親節_day, holiday_母親節_dist, holiday_中秋_day, holiday_中秋_dist, holiday_中元_day, holiday_中元_dist, holiday_七夕_day, holiday_七夕_dist, holiday_父親節_day, holiday_父親節_dist, holiday_雙十_day, holiday_雙十_dist, holiday_冬至_day, holiday_冬至_dist, holiday_聖誕_day, holiday_聖誕_dist, holiday_清明_day, holiday_清明_dist, holiday_元旦_day, holiday_元旦_dist, holiday_除夕_day, holiday_除夕_dist, holiday_春節_day, holiday_春節_dist, holiday_周年慶",RNN,438.8,294.5,11.3,rainfall版本B(當天/模擬預報值)，重測(修正正規化bug後)
2026-08-13 00:01,"customer_count, dow_mon, dow_tue, dow_wed, dow_thu, dow_fri, dow_sat, dow_sun, rainfall, holiday_元宵_day, holiday_元宵_dist, holiday_端午_day, holiday_端午_dist, holiday_母親節_day, holiday_母親節_dist, holiday_中秋_day, holiday_中秋_dist, holiday_中元_day, holiday_中元_dist, holiday_七夕_day, holiday_七夕_dist, holiday_父親節_day, holiday_父親節_dist, holiday_雙十_day, holiday_雙十_dist, holiday_冬至_day, holiday_冬至_dist, holiday_聖誕_day, holiday_聖誕_dist, holiday_清明_day, holiday_清明_dist, holiday_元旦_day, holiday_元旦_dist, holiday_除夕_day, holiday_除夕_dist, holiday_春節_day, holiday_春節_dist, holiday_周年慶",LSTM,415.7,278.9,10.69,rainfall版本B(當天/模擬預報值)，重測(修正正規化bug後)
2026-08-13 00:09,"customer_count, dow_mon, dow_tue, dow_wed, dow_thu, dow_fri, dow_sat, dow_sun, holiday_元宵_day, holiday_元宵_dist, holiday_端午_day, holiday_端午_dist, holiday_母親節_day, holiday_母親節_dist, holiday_中秋_day, holiday_中秋_dist, holiday_中元_day, holiday_中元_dist, holiday_七夕_day, holiday_七夕_dist, holiday_父親節_day, holiday_父親節_dist, holiday_雙十_day, holiday_雙十_dist, holiday_冬至_day, holiday_冬至_dist, holiday_聖誕_day, holiday_聖誕_dist, holiday_清明_day, holiday_清明_dist, holiday_元旦_day, holiday_元旦_dist, holiday_除夕_day, holiday_除夕_dist, holiday_春節_day, holiday_春節_dist, holiday_周年慶",RNN,438.9,287.6,10.82,確定天氣特徵全部無幫助，回到基準版本存檔，準備做節日重要性分析
2026-08-13 00:09,"customer_count, dow_mon, dow_tue, dow_wed, dow_thu, dow_fri, dow_sat, dow_sun, holiday_元宵_day, holiday_元宵_dist, holiday_端午_day, holiday_端午_dist, holiday_母親節_day, holiday_母親節_dist, holiday_中秋_day, holiday_中秋_dist, holiday_中元_day, holiday_中元_dist, holiday_七夕_day, holiday_七夕_dist, holiday_父親節_day, holiday_父親節_dist, holiday_雙十_day, holiday_雙十_dist, holiday_冬至_day, holiday_冬至_dist, holiday_聖誕_day, holiday_聖誕_dist, holiday_清明_day, holiday_清明_dist, holiday_元旦_day, holiday_元旦_dist, holiday_除夕_day, holiday_除夕_dist, holiday_春節_day, holiday_春節_dist, holiday_周年慶",LSTM,404.3,269.2,10.34,確定天氣特徵全部無幫助，回到基準版本存檔，準備做節日重要性分析
2026-08-13 00:12,"customer_count, dow_mon, dow_tue, dow_wed, dow_thu, dow_fri, dow_sat, dow_sun, holiday_中元_day, holiday_中元_dist, holiday_清明_day, holiday_清明_dist, holiday_雙十_day, holiday_雙十_dist, holiday_中秋_day, holiday_中秋_dist, holiday_七夕_day, holiday_七夕_dist, holiday_冬至_day, holiday_冬至_dist, holiday_春節_day, holiday_春節_dist",RNN,441.9,286.6,10.84,精簡版：只留7個貢獻明顯的節日(中元/清明/雙十/中秋/七夕/冬至/春節)，驗證節日重要性分析結論
2026-08-13 00:12,"customer_count, dow_mon, dow_tue, dow_wed, dow_thu, dow_fri, dow_sat, dow_sun, holiday_中元_day, holiday_中元_dist, holiday_清明_day, holiday_清明_dist, holiday_雙十_day, holiday_雙十_dist, holiday_中秋_day, holiday_中秋_dist, holiday_七夕_day, holiday_七夕_dist, holiday_冬至_day, holiday_冬至_dist, holiday_春節_day, holiday_春節_dist",LSTM,401.8,269.7,10.36,精簡版：只留7個貢獻明顯的節日(中元/清明/雙十/中秋/七夕/冬至/春節)，驗證節日重要性分析結論
2026-08-13 00:15,"customer_count, dow_mon, dow_tue, dow_wed, dow_thu, dow_fri, dow_sat, dow_sun, holiday_中元_day, holiday_中元_dist, holiday_清明_day, holiday_清明_dist, holiday_雙十_day, holiday_雙十_dist, holiday_中秋_day, holiday_中秋_dist, holiday_七夕_day, holiday_七夕_dist, holiday_冬至_day, holiday_冬至_dist, holiday_春節_day, holiday_春節_dist, rain_flag",RNN,441.2,297.3,11.56,精簡版基準(7節日)+rain_flag(當天/模擬預報值)，在新基準上重測天氣特徵
2026-08-13 00:15,"customer_count, dow_mon, dow_tue, dow_wed, dow_thu, dow_fri, dow_sat, dow_sun, holiday_中元_day, holiday_中元_dist, holiday_清明_day, holiday_清明_dist, holiday_雙十_day, holiday_雙十_dist, holiday_中秋_day, holiday_中秋_dist, holiday_七夕_day, holiday_七夕_dist, holiday_冬至_day, holiday_冬至_dist, holiday_春節_day, holiday_春節_dist, rain_flag",LSTM,418.9,265.7,10.01,精簡版基準(7節日)+rain_flag(當天/模擬預報值)，在新基準上重測天氣特徵
2026-08-13 00:35,"customer_count, dow_mon, dow_tue, dow_wed, dow_thu, dow_fri, dow_sat, dow_sun, holiday_中元_day, holiday_中元_dist, holiday_清明_day, holiday_清明_dist, holiday_雙十_day, holiday_雙十_dist, holiday_中秋_day, holiday_中秋_dist, holiday_七夕_day, holiday_七夕_dist, holiday_冬至_day, holiday_冬至_dist, holiday_春節_day, holiday_春節_dist, avg_temp",RNN,431.8,289.1,11.16,精簡版基準(7節日)+avg_temp(當天/模擬預報值)，在新基準上重測天氣特徵
2026-08-13 00:35,"customer_count, dow_mon, dow_tue, dow_wed, dow_thu, dow_fri, dow_sat, dow_sun, holiday_中元_day, holiday_中元_dist, holiday_清明_day, holiday_清明_dist, holiday_雙十_day, holiday_雙十_dist, holiday_中秋_day, holiday_中秋_dist, holiday_七夕_day, holiday_七夕_dist, holiday_冬至_day, holiday_冬至_dist, holiday_春節_day, holiday_春節_dist, avg_temp",LSTM,423.1,279.3,10.79,精簡版基準(7節日)+avg_temp(當天/模擬預報值)，在新基準上重測天氣特徵
2026-08-13 00:37,"customer_count, dow_mon, dow_tue, dow_wed, dow_thu, dow_fri, dow_sat, dow_sun, holiday_中元_day, holiday_中元_dist, holiday_清明_day, holiday_清明_dist, holiday_雙十_day, holiday_雙十_dist, holiday_中秋_day, holiday_中秋_dist, holiday_七夕_day, holiday_七夕_dist, holiday_冬至_day, holiday_冬至_dist, holiday_春節_day, holiday_春節_dist, avg_humidity",RNN,434.7,288.5,10.94,精簡版基準(7節日)+avg_humidity(當天/模擬預報值)，在新基準上重測天氣特徵
2026-08-13 00:37,"customer_count, dow_mon, dow_tue, dow_wed, dow_thu, dow_fri, dow_sat, dow_sun, holiday_中元_day, holiday_中元_dist, holiday_清明_day, holiday_清明_dist, holiday_雙十_day, holiday_雙十_dist, holiday_中秋_day, holiday_中秋_dist, holiday_七夕_day, holiday_七夕_dist, holiday_冬至_day, holiday_冬至_dist, holiday_春節_day, holiday_春節_dist, avg_humidity",LSTM,435.8,279.0,10.42,精簡版基準(7節日)+avg_humidity(當天/模擬預報值)，在新基準上重測天氣特徵
2026-08-13 00:39,"customer_count, dow_mon, dow_tue, dow_wed, dow_thu, dow_fri, dow_sat, dow_sun, holiday_中元_day, holiday_中元_dist, holiday_清明_day, holiday_清明_dist, holiday_雙十_day, holiday_雙十_dist, holiday_中秋_day, holiday_中秋_dist, holiday_七夕_day, holiday_七夕_dist, holiday_冬至_day, holiday_冬至_dist, holiday_春節_day, holiday_春節_dist, rainfall",RNN,434.9,293.0,11.24,精簡版基準(7節日)+rainfall(當天/模擬預報值)，在新基準上重測天氣特徵
2026-08-13 00:39,"customer_count, dow_mon, dow_tue, dow_wed, dow_thu, dow_fri, dow_sat, dow_sun, holiday_中元_day, holiday_中元_dist, holiday_清明_day, holiday_清明_dist, holiday_雙十_day, holiday_雙十_dist, holiday_中秋_day, holiday_中秋_dist, holiday_七夕_day, holiday_七夕_dist, holiday_冬至_day, holiday_冬至_dist, holiday_春節_day, holiday_春節_dist, rainfall",LSTM,414.7,264.9,9.93,精簡版基準(7節日)+rainfall(當天/模擬預報值)，在新基準上重測天氣特徵
2026-08-13 00:42,"customer_count, dow_mon, dow_tue, dow_wed, dow_thu, dow_fri, dow_sat, dow_sun, holiday_中元_day, holiday_中元_dist, holiday_清明_day, holiday_清明_dist, holiday_雙十_day, holiday_雙十_dist, holiday_中秋_day, holiday_中秋_dist, holiday_七夕_day, holiday_七夕_dist, holiday_冬至_day, holiday_冬至_dist, holiday_春節_day, holiday_春節_dist, rain_flag, rainfall",RNN,439.3,287.7,10.74,精簡版基準(7節日)+rain_flag+rainfall(同時使用)，測試能否進一步突破9.93%
2026-08-13 00:42,"customer_count, dow_mon, dow_tue, dow_wed, dow_thu, dow_fri, dow_sat, dow_sun, holiday_中元_day, holiday_中元_dist, holiday_清明_day, holiday_清明_dist, holiday_雙十_day, holiday_雙十_dist, holiday_中秋_day, holiday_中秋_dist, holiday_七夕_day, holiday_七夕_dist, holiday_冬至_day, holiday_冬至_dist, holiday_春節_day, holiday_春節_dist, rain_flag, rainfall",LSTM,419.6,263.3,9.81,精簡版基準(7節日)+rain_flag+rainfall(同時使用)，測試能否進一步突破9.93%
2026-08-13 01:01,"customer_count, dow_mon, dow_tue, dow_wed, dow_thu, dow_fri, dow_sat, dow_sun, holiday_中元_day, holiday_中元_dist, holiday_清明_day, holiday_清明_dist, holiday_雙十_day, holiday_雙十_dist, holiday_中秋_day, holiday_中秋_dist, holiday_七夕_day, holiday_七夕_dist, holiday_冬至_day, holiday_冬至_dist, holiday_春節_day, holiday_春節_dist, rain_flag, rainfall",RNN,437.6,286.4,10.72,最終確認：7節日+rain_flag+rainfall，DROPOUT=0.3(超參數搜尋最佳組合)
2026-08-13 01:01,"customer_count, dow_mon, dow_tue, dow_wed, dow_thu, dow_fri, dow_sat, dow_sun, holiday_中元_day, holiday_中元_dist, holiday_清明_day, holiday_清明_dist, holiday_雙十_day, holiday_雙十_dist, holiday_中秋_day, holiday_中秋_dist, holiday_七夕_day, holiday_七夕_dist, holiday_冬至_day, holiday_冬至_dist, holiday_春節_day, holiday_春節_dist, rain_flag, rainfall",LSTM,418.9,266.7,9.99,最終確認：7節日+rain_flag+rainfall，DROPOUT=0.3(超參數搜尋最佳組合)
2026-08-14 03:17,"customer_count, dow_mon, dow_tue, dow_wed, dow_thu, dow_fri, dow_sat, dow_sun, holiday_中元_day, holiday_中元_dist, holiday_清明_day, holiday_清明_dist, holiday_雙十_day, holiday_雙十_dist, holiday_中秋_day, holiday_中秋_dist, holiday_七夕_day, holiday_七夕_dist, holiday_冬至_day, holiday_冬至_dist, holiday_春節_day, holiday_春節_dist, rain_flag, rainfall",RNN,439.3,287.7,10.74,最終確定版本：7節日+rain_flag+rainfall，DROPOUT=0.2(已驗證優於0.3)，正式採用此組合
2026-08-14 03:17,"customer_count, dow_mon, dow_tue, dow_wed, dow_thu, dow_fri, dow_sat, dow_sun, holiday_中元_day, holiday_中元_dist, holiday_清明_day, holiday_清明_dist, holiday_雙十_day, holiday_雙十_dist, holiday_中秋_day, holiday_中秋_dist, holiday_七夕_day, holiday_七夕_dist, holiday_冬至_day, holiday_冬至_dist, holiday_春節_day, holiday_春節_dist, rain_flag, rainfall",LSTM,419.6,263.3,9.81,最終確定版本：7節日+rain_flag+rainfall，DROPOUT=0.2(已驗證優於0.3)，正式採用此組合