日期,平均溫度(°C),最高溫度(°C),最低溫度(°C),平均相對溼度(%),最小相對溼度(%),降雨量(mm)
2014-01-01,17.3,23.2,12.5,64,43.0,0.0
2014-01-02,19.7,24.9,15.5,66,42.0,0.0
2014-01-03,19.1,22.9,17.2,76,53.0,0.0
2014-01-04,16.6,18.8,13.1,60,46.0,0.0
2014-01-05,15.1,19.6,11.4,56,37.0,0.0
2014-01-06,17.5,21.4,14.8,56,45.0,0.0
2014-01-07,18.6,24.7,14.4,63,31.0,0.0
2014-01-08,16.0,16.5,12.9,76,70.0,3.0
2014-01-09,12.0,13.2,11.1,80,66.0,2.5
2014-01-10,14.5,17.4,12.2,72,61.0,0.0
2014-01-11,18.5,26.1,14.4,67,39.0,0.0
2014-01-12,15.8,17.5,14.4,81,75.0,0.5
2014-01-13,14.1,16.2,12.9,83,74.0,1.5
2014-01-14,12.7,14.5,12.0,82,68.0,16.5
2014-01-15,13.8,17.1,11.1,56,43.0,0.0
2014-01-16,14.7,18.9,10.8,60,45.0,0.0
2014-01-17,16.0,21.1,13.3,58,41.0,0.0
2014-01-18,13.4,17.4,11.0,56,40.0,0.0
2014-01-19,16.0,20.9,11.3,49,34.0,0.0
2014-01-20,15.1,19.1,11.6,67,51.0,0.0
2014-01-21,12.1,14.9,9.3,51,47.0,0.0
2014-01-22,11.6,16.1,7.9,51,33.0,0.0
2014-01-23,14.8,21.5,10.0,50,29.0,0.0
2014-01-24,15.2,20.8,9.8,55,28.0,0.0
2014-01-25,16.9,25.7,10.5,55,23.0,0.0
2014-01-26,15.6,17.7,14.4,65,55.0,0.0
2014-01-27,16.7,21.7,12.2,60,42.0,0.0
2014-01-28,18.9,24.8,14.3,58,32.0,0.0
2014-01-29,18.6,23.6,15.7,67,39.0,0.0
2014-01-30,18.1,26.7,12.8,64,28.0,0.0
2014-01-31,20.6,27.2,15.8,61,37.0,0.0
2014-02-01,19.5,26.4,14.2,61,29.0,0.0
2014-02-02,20.8,25.9,16.5,61,42.0,0.0
2014-02-03,20.8,26.2,18.1,68,44.0,0.0
2014-02-04,15.2,18.4,13.6,76,69.0,4.0
2014-02-05,16.4,19.4,13.5,85,75.0,10.0
2014-02-06,17.7,21.9,15.8,86,68.0,3.0
2014-02-07,16.5,17.4,15.4,89,85.0,2.0
2014-02-08,13.5,15.5,12.3,85,75.0,21.0
2014-02-09,12.3,13.4,10.4,89,87.0,101.5
2014-02-10,8.5,10.5,7.8,84,80.0,7.0
2014-02-11,7.9,8.8,6.7,85,79.0,4.5
2014-02-12,11.2,13.1,8.6,90,87.0,10.5
2014-02-13,12.7,13.8,11.4,88,82.0,7.5
2014-02-14,11.0,11.7,10.2,87,83.0,10.5
2014-02-15,13.0,14.9,10.5,76,68.0,0.0
2014-02-16,16.8,23.2,13.9,75,45.0,0.5
2014-02-17,19.4,25.8,14.8,73,43.0,0.0
2014-02-18,16.3,22.7,11.9,83,61.0,4.0
2014-02-19,10.9,12.0,10.3,86,78.0,24.0
2014-02-20,11.3,15.8,8.8,61,40.0,0.0
2014-02-21,14.1,20.0,8.2,57,36.0,0.0
2014-02-22,17.3,23.0,13.3,65,32.0,0.0
2014-02-23,18.7,23.8,13.9,61,40.0,0.0
2014-02-24,18.2,24.8,14.4,66,38.0,0.0
2014-02-25,18.1,23.1,13.4,74,52.0,0.0
2014-02-26,19.2,23.8,17.0,73,51.0,0.0
2014-02-27,19.2,22.7,17.1,72,58.0,0.0
2014-02-28,20.4,28.6,17.4,70,39.0,0.0
2014-03-01,19.5,25.6,16.0,74,49.0,0.0
2014-03-02,14.3,18.5,12.8,84,79.0,8.5
2014-03-03,14.8,16.6,12.5,80,69.0,5.5
2014-03-04,14.8,16.0,13.9,88,81.0,12.5
2014-03-05,14.0,15.6,12.6,76,66.0,5.0
2014-03-06,13.1,13.9,12.2,86,74.0,17.5
2014-03-07,14.5,16.1,12.5,85,74.0,13.0
2014-03-08,14.0,15.4,12.3,90,88.0,18.5
2014-03-09,12.7,13.6,11.4,79,63.0,3.5
2014-03-10,14.6,16.0,12.6,66,57.0,0.0
2014-03-11,17.8,23.3,14.9,70,48.0,0.0
2014-03-12,17.0,21.6,14.8,85,64.0,16.5
2014-03-13,15.1,17.1,13.7,83,68.0,9.0
2014-03-14,14.1,18.7,10.9,55,37.0,0.0
2014-03-15,17.6,24.2,13.1,49,32.0,0.0
2014-03-16,18.0,22.8,15.8,67,50.0,0.0
2014-03-17,20.2,26.3,15.2,68,48.0,0.0
2014-03-18,22.4,27.9,17.0,68,50.0,0.0
2014-03-19,23.8,27.9,21.1,69,50.0,0.0
2014-03-20,16.8,23.0,12.7,80,62.0,1.5
2014-03-21,13.3,14.9,10.9,60,46.0,0.5
2014-03-22,16.0,19.2,13.7,57,47.0,0.0
2014-03-23,19.4,23.5,16.4,55,41.0,0.0
2014-03-24,20.5,25.5,15.9,60,42.0,0.0
2014-03-25,21.8,27.2,16.3,63,44.0,0.0
2014-03-26,23.8,28.1,19.9,66,51.0,0.0
2014-03-27,24.1,29.7,21.6,72,51.0,0.0
2014-03-28,25.0,30.5,21.7,69,47.0,0.0
2014-03-29,25.5,30.5,22.3,71,52.0,14.0
2014-03-30,22.5,25.8,20.4,59,38.0,0.0
2014-03-31,21.3,26.7,17.2,74,54.0,20.0
2014-04-01,17.0,18.8,16.4,87,79.0,14.5
2014-04-02,18.7,22.1,16.7,77,61.0,0.0
2014-04-03,18.3,20.5,17.1,84,76.0,3.0
2014-04-04,18.2,22.3,16.4,61,39.0,0.0
2014-04-05,21.1,28.0,15.8,53,26.0,0.0
2014-04-06,20.3,24.0,18.1,63,46.0,0.0
2014-04-07,18.7,19.6,17.8,87,75.0,13.5
2014-04-08,22.0,27.2,18.6,76,52.0,0.5
2014-04-09,21.6,24.8,20.2,77,64.0,0.0
2014-04-10,22.9,27.9,19.6,65,47.0,0.0
2014-04-11,24.1,29.9,19.7,63,44.0,0.0
2014-04-12,25.3,31.6,20.5,64,37.0,0.0
2014-04-13,25.1,31.8,20.0,66,45.0,0.0
2014-04-14,19.7,20.8,18.4,66,62.0,0.0
2014-04-15,22.4,28.0,18.0,61,45.0,0.0
2014-04-16,23.9,29.9,20.6,70,52.0,0.0
2014-04-17,25.1,31.4,20.2,70,42.0,0.0
2014-04-18,25.5,31.9,21.6,74,50.0,0.0
2014-04-19,25.4,30.2,22.1,76,55.0,0.0
2014-04-20,23.3,25.9,20.5,81,73.0,0.0
2014-04-21,24.0,30.7,20.4,75,55.0,0.0
2014-04-22,21.6,24.8,18.7,87,78.0,1.5
2014-04-23,20.4,22.2,18.8,78,68.0,0.0
2014-04-24,21.3,24.1,19.3,91,78.0,33.5
2014-04-25,23.2,29.4,21.0,88,64.0,11.0
2014-04-26,24.3,27.8,22.0,88,72.0,11.0
2014-04-27,24.5,28.8,22.1,81,61.0,0.0
2014-04-28,22.9,27.3,20.6,67,52.0,0.0
2014-04-29,21.6,24.4,19.8,66,56.0,0.0
2014-04-30,21.2,24.6,19.0,80,67.0,3.5
2014-05-01,20.1,21.5,18.7,96,91.0,25.5
2014-05-02,23.9,29.3,20.1,81,63.0,0.0
2014-05-03,23.2,26.1,21.5,68,49.0,0.0
2014-05-04,24.0,29.4,21.6,75,60.0,0.5
2014-05-05,18.5,23.9,15.4,89,71.0,47.0
2014-05-06,17.5,19.7,14.6,92,86.0,4.5
2014-05-07,20.7,22.7,19.0,92,82.0,3.5
2014-05-08,23.7,28.6,20.3,80,60.0,0.5
2014-05-09,22.8,24.6,21.0,92,79.0,43.5
2014-05-10,24.7,28.6,21.9,83,65.0,0.0
2014-05-11,26.7,32.4,22.5,78,50.0,1.5
2014-05-12,27.4,32.7,24.2,77,52.0,0.5
2014-05-13,26.0,29.5,23.7,83,62.0,3.0
2014-05-14,29.7,34.7,24.0,64,47.0,0.0
2014-05-15,27.0,-99.7,22.0,77,59.0,52.0
2014-05-16,23.9,27.9,22.0,88,71.0,2.5
2014-05-17,27.1,33.0,23.8,82,57.0,0.0
2014-05-18,27.9,32.9,26.1,75,58.0,1.0
2014-05-19,25.7,27.5,24.3,88,74.0,25.0
2014-05-20,24.8,27.9,21.4,92,74.0,70.5
2014-05-21,19.1,21.5,17.5,97,92.0,241.0
2014-05-22,23.3,28.8,19.8,93,69.0,12.0
2014-05-23,23.9,26.3,22.9,93,83.0,2.5
2014-05-24,27.3,33.1,23.1,77,57.0,0.0
2014-05-25,28.3,32.7,24.4,75,60.0,0.0
2014-05-26,28.8,34.4,25.4,76,55.0,4.5
2014-05-27,26.8,-99.7,25.5,88,78.0,7.0
2014-05-28,27.8,30.7,25.8,84,74.0,0.0
2014-05-29,25.7,29.6,24.2,94,79.0,75.0
2014-05-30,26.7,31.0,25.0,90,72.0,2.0
2014-05-31,27.7,31.7,25.2,83,65.0,0.0
2014-06-01,28.3,33.5,25.5,78,53.0,0.0
2014-06-02,30.0,34.7,26.2,69,49.0,0.0
2014-06-03,27.5,29.8,25.9,79,68.0,1.5
2014-06-04,27.7,31.3,24.9,78,65.0,0.0
2014-06-05,27.7,-99.7,24.0,86,71.0,52.5
2014-06-06,25.2,29.1,22.7,90,71.0,94.0
2014-06-07,25.9,28.5,23.8,91,78.0,27.0
2014-06-08,25.5,29.6,24.3,94,74.0,22.0
2014-06-09,25.8,27.9,24.8,94,85.0,5.5
2014-06-10,25.6,27.6,24.4,91,82.0,0.5
2014-06-11,24.9,27.2,23.4,87,78.0,1.0
2014-06-12,25.9,28.7,24.5,72,59.0,0.0
2014-06-13,27.2,32.5,24.1,66,45.0,0.0
2014-06-14,27.5,31.1,24.6,81,68.0,0.0
2014-06-15,26.8,30.1,25.5,90,73.0,2.0
2014-06-16,27.4,33.3,25.3,86,58.0,13.5
2014-06-17,29.8,34.4,25.5,73,57.0,0.0
2014-06-18,30.4,34.9,27.7,70,58.0,0.0
2014-06-19,29.6,33.3,26.9,76,60.0,0.0
2014-06-20,28.9,32.4,26.8,82,67.0,2.0
2014-06-21,29.0,34.2,26.5,81,56.0,0.5
2014-06-22,28.9,33.0,26.8,82,58.0,1.0
2014-06-23,29.2,33.4,26.7,79,61.0,0.5
2014-06-24,28.5,32.2,27.0,78,62.0,0.0
2014-06-25,29.6,32.8,26.7,77,62.0,0.0
2014-06-26,30.6,34.7,26.9,71,53.0,0.0
2014-06-27,30.6,34.6,27.0,73,57.0,0.0
2014-06-28,30.6,35.4,27.7,74,54.0,0.0
2014-06-29,30.1,34.2,26.3,75,59.0,2.0
2014-06-30,28.1,33.7,25.2,83,59.0,14.0
2014-07-01,29.2,33.4,26.2,78,64.0,0.0
2014-07-02,30.6,35.9,26.3,70,51.0,0.0
2014-07-03,31.5,35.8,27.8,68,50.0,0.0
2014-07-04,30.0,33.6,28.0,77,61.0,1.0
2014-07-05,30.8,35.9,27.3,70,51.0,0.0
2014-07-06,32.1,37.9,28.3,68,49.0,0.0
2014-07-07,32.2,38.2,28.2,67,46.0,0.0
2014-07-08,28.3,30.9,26.9,83,68.0,11.5
2014-07-09,32.2,37.3,26.9,66,45.0,0.0
2014-07-10,31.1,34.5,28.9,72,61.0,0.0
2014-07-11,30.5,34.6,27.5,75,55.0,1.0
2014-07-12,30.8,35.5,26.9,72,55.0,0.0
2014-07-13,32.1,37.0,28.3,64,46.0,0.0
2014-07-14,30.2,36.7,24.8,74,51.0,14.5
2014-07-15,30.0,34.9,27.2,75,52.0,0.0
2014-07-16,30.0,34.2,26.4,71,55.0,0.0
2014-07-17,31.2,37.0,26.6,68,47.0,0.0
2014-07-18,30.2,35.3,26.5,72,51.0,6.0
2014-07-19,31.0,37.3,26.3,67,44.0,0.0
2014-07-20,31.8,37.1,28.1,60,44.0,0.0
2014-07-21,31.7,36.7,28.2,59,42.0,0.0
2014-07-22,29.1,33.9,25.5,78,57.0,19.5
2014-07-23,26.6,28.7,25.0,90,74.0,31.0
2014-07-24,29.6,35.2,25.3,76,51.0,0.5
2014-07-25,27.8,33.7,24.9,86,60.0,46.0
2014-07-26,28.8,34.8,24.4,78,52.0,0.0
2014-07-27,30.4,36.7,26.3,69,47.0,0.0
2014-07-28,30.7,37.1,26.5,66,47.0,0.0
2014-07-29,31.1,36.2,27.4,66,50.0,0.0
2014-07-30,30.6,35.5,27.7,75,54.0,2.0
2014-07-31,29.2,32.5,26.0,84,66.0,37.5
2014-08-01,31.4,36.7,28.3,70,51.0,0.0
2014-08-02,31.7,36.5,28.3,66,47.0,0.0
2014-08-03,30.2,35.8,27.8,71,50.0,0.0
2014-08-04,29.6,32.7,27.2,77,66.0,0.0
2014-08-05,29.5,33.6,27.1,78,57.0,3.5
2014-08-06,30.1,34.9,28.0,72,55.0,0.0
2014-08-07,30.7,35.0,27.4,71,52.0,0.0
2014-08-08,31.1,,,71,,0.0
2014-08-09,31.1,,,71,,0.0
2014-08-10,30.9,,,68,,0.0
2014-08-11,30.2,,,72,,0.5
2014-08-12,29.5,35.1,27.1,78,58.0,3.0
2014-08-13,28.9,33.5,27.1,77,58.0,0.0
2014-08-14,30.7,35.5,25.8,67,49.0,0.0
2014-08-15,30.8,34.8,27.7,70,53.0,0.0
2014-08-16,30.5,34.6,27.4,74,54.0,1.5
2014-08-17,30.1,34.8,27.7,75,53.0,0.0
2014-08-18,28.1,33.1,23.1,82,62.0,24.0
2014-08-19,26.4,32.6,24.1,87,58.0,49.5
2014-08-20,28.8,33.4,24.9,75,50.0,0.0
2014-08-21,29.5,34.5,25.5,71,51.0,0.0
2014-08-22,29.8,34.9,26.4,71,52.0,0.0
2014-08-23,29.6,34.2,26.7,67,46.0,0.0
2014-08-24,30.0,34.7,25.2,69,52.0,0.0
2014-08-25,30.1,34.3,27.0,71,54.0,0.0
2014-08-26,30.6,35.8,26.7,68,51.0,0.0
2014-08-27,30.0,34.7,27.1,68,46.0,0.0
2014-08-28,29.8,33.3,26.1,71,56.0,0.0
2014-08-29,31.5,36.4,27.1,66,47.0,0.0
2014-08-30,30.5,35.1,27.7,72,56.0,0.0
2014-08-31,30.3,35.3,26.7,67,49.0,0.0
2014-09-01,30.8,,,65,,0.0
2014-09-02,30.6,35.8,26.7,66,50.0,0.0
2014-09-03,30.9,35.2,27.2,66,50.0,0.0
2014-09-04,30.1,34.1,27.5,71,61.0,0.0
2014-09-05,31.2,37.2,26.8,63,41.0,0.0
2014-09-06,31.2,37.2,28.2,66,45.0,0.0
2014-09-07,30.0,33.9,27.1,72,58.0,0.0
2014-09-08,30.6,35.0,27.2,69,53.0,0.0
2014-09-09,30.6,35.9,27.6,69,51.0,0.0
2014-09-10,29.8,33.3,26.7,73,57.0,0.0
2014-09-11,30.3,34.5,26.7,70,58.0,0.0
2014-09-12,30.5,35.6,27.7,68,47.0,0.0
2014-09-13,30.4,35.4,27.8,68,51.0,0.0
2014-09-14,30.4,35.3,27.7,70,51.0,0.0
2014-09-15,32.2,37.6,28.4,61,45.0,0.0
2014-09-16,31.4,36.3,28.2,67,50.0,0.0
2014-09-17,31.0,36.5,28.1,70,48.0,0.0
2014-09-18,31.0,36.2,27.5,65,48.0,0.0
2014-09-19,31.0,35.3,27.8,63,49.0,0.0
2014-09-20,31.4,36.6,28.5,61,44.0,0.0
2014-09-21,29.0,35.0,24.9,70,41.0,15.5
2014-09-22,26.3,28.7,24.0,86,74.0,107.0
2014-09-23,28.2,32.1,25.8,79,63.0,0.0
2014-09-24,27.7,31.5,25.5,83,66.0,0.5
2014-09-25,27.9,32.4,24.5,79,59.0,0.5
2014-09-26,28.2,33.5,25.6,74,57.0,0.0
2014-09-27,27.8,33.9,24.4,70,56.0,0.0
2014-09-28,27.9,34.9,24.2,69,47.0,0.0
2014-09-29,28.1,33.3,23.8,68,45.0,0.0
2014-09-30,28.5,35.0,24.4,70,48.0,0.0
2014-10-01,26.4,29.4,25.0,82,68.0,0.5
2014-10-02,27.2,32.7,24.5,73,52.0,0.0
2014-10-03,25.8,30.9,23.2,66,49.0,0.0
2014-10-04,24.5,28.7,21.7,63,48.0,0.0
2014-10-05,25.3,29.7,23.1,65,49.0,0.0
2014-10-06,24.5,28.2,21.4,62,45.0,0.0
2014-10-07,23.8,28.3,21.0,64,45.0,0.0
2014-10-08,24.5,28.5,21.9,68,53.0,0.0
2014-10-09,23.6,26.0,21.4,89,72.0,9.5
2014-10-10,24.0,27.0,23.2,93,81.0,50.5
2014-10-11,23.4,24.5,22.7,88,77.0,16.5
2014-10-12,23.0,27.7,20.6,77,50.0,1.0
2014-10-13,22.4,27.0,18.9,69,52.0,0.0
2014-10-14,21.5,26.1,18.7,64,48.0,0.0
2014-10-15,21.5,26.5,17.9,60,44.0,0.0
2014-10-16,21.9,26.8,17.3,59,40.0,0.0
2014-10-17,23.3,26.0,23.4,69,63.0,0.0
2014-10-18,25.0,29.7,22.2,64,49.0,0.0
2014-10-19,25.9,32.1,22.0,68,51.0,0.0
2014-10-20,26.2,30.9,21.8,72,54.0,0.0
2014-10-21,27.1,33.8,22.9,71,39.0,0.0
2014-10-22,23.4,27.2,21.3,80,70.0,0.0
2014-10-23,23.3,26.5,21.6,65,52.0,0.0
2014-10-24,24.1,27.6,22.2,71,62.0,0.0
2014-10-25,24.5,28.6,22.5,78,65.0,0.0
2014-10-26,25.4,29.8,22.1,79,62.0,0.0
2014-10-27,25.3,28.3,22.7,69,51.0,0.0
2014-10-28,23.5,25.9,22.4,67,60.0,0.0
2014-10-29,25.9,31.2,22.6,66,48.0,0.0
2014-10-30,26.6,32.4,23.3,63,45.0,0.0
2014-10-31,25.6,29.7,22.8,68,55.0,0.0
2014-11-01,25.6,31.7,21.6,76,51.0,0.0
2014-11-02,22.1,24.6,19.3,87,77.0,6.0
2014-11-03,20.1,21.7,18.8,65,57.0,0.0
2014-11-04,20.5,23.2,18.6,64,55.0,0.0
2014-11-05,21.4,27.6,18.3,62,45.0,0.0
2014-11-06,21.8,26.7,18.3,68,50.0,0.0
2014-11-07,22.0,24.8,20.7,65,55.0,0.0
2014-11-08,23.8,27.9,21.6,72,54.0,0.0
2014-11-09,21.0,22.3,20.0,91,85.0,12.5
2014-11-10,21.8,24.7,20.0,73,60.0,0.0
2014-11-11,22.0,26.5,19.6,71,56.0,0.0
2014-11-12,20.1,22.3,18.3,84,74.0,2.0
2014-11-13,17.5,18.7,16.5,85,74.0,12.0
2014-11-14,18.8,20.9,17.4,77,68.0,0.5
2014-11-15,20.3,22.4,18.4,81,72.0,2.5
2014-11-16,21.7,26.4,18.0,85,65.0,1.5
2014-11-17,18.6,20.3,16.2,92,86.0,23.0
2014-11-18,17.7,20.0,16.0,80,65.0,1.5
2014-11-19,19.7,22.2,17.5,72,59.0,0.0
2014-11-20,21.4,26.6,17.8,79,57.0,0.0
2014-11-21,22.3,27.6,17.7,78,56.0,0.0
2014-11-22,23.8,29.1,19.8,72,47.0,0.0
2014-11-23,24.5,30.8,20.7,68,47.0,0.0
2014-11-24,22.8,28.1,19.5,76,55.0,0.0
2014-11-25,22.0,27.1,18.7,81,63.0,0.0
2014-11-26,22.2,26.8,20.1,78,57.0,0.0
2014-11-27,23.1,25.5,21.3,83,74.0,0.0
2014-11-28,23.4,28.2,21.1,85,62.0,0.0
2014-11-29,24.7,30.0,22.2,84,65.0,0.0
2014-11-30,24.4,28.8,21.8,84,64.0,0.0
2014-12-01,17.2,23.3,13.5,81,65.0,9.0
2014-12-02,15.4,17.3,13.0,75,65.0,3.0
2014-12-03,20.4,24.7,16.8,72,52.0,3.5
2014-12-04,13.9,19.5,11.7,85,65.0,27.0
2014-12-05,14.1,16.7,11.8,60,50.0,0.0
2014-12-06,15.8,19.2,12.6,60,46.0,0.0
2014-12-07,19.6,25.5,16.1,63,43.0,0.0
2014-12-08,16.6,18.8,15.6,88,78.0,6.0
2014-12-09,17.7,35.7,15.8,88,75.0,4.0
2014-12-10,19.8,23.8,17.8,90,72.0,0.0
2014-12-11,16.4,19.2,14.1,91,82.0,3.5
2014-12-12,12.8,14.4,11.7,83,66.0,5.5
2014-12-13,13.5,15.8,12.3,62,52.0,0.0
2014-12-14,15.8,17.9,13.5,72,64.0,0.0
2014-12-15,17.6,20.8,15.2,83,71.0,0.0
2014-12-16,14.1,17.7,11.7,66,54.0,0.0
2014-12-17,11.1,13.0,10.0,55,47.0,0.0
2014-12-18,14.7,18.3,11.1,61,49.0,0.0
2014-12-19,15.9,17.8,14.4,81,69.0,2.5
2014-12-20,15.0,17.7,13.8,73,55.0,0.5
2014-12-21,14.3,16.6,12.2,74,65.0,1.0
2014-12-22,13.1,16.0,11.0,58,43.0,0.0
2014-12-23,17.0,20.9,13.6,60,44.0,0.0
2014-12-24,18.4,,,74,,0.0
2014-12-25,16.2,18.8,14.7,76,63.0,7.5
2014-12-26,16.0,18.8,15.0,75,59.0,0.5
2014-12-27,15.6,17.2,14.2,88,76.0,18.0
2014-12-28,13.7,15.0,12.5,92,81.0,3.0
2014-12-29,13.4,17.5,10.9,66,40.0,0.0
2014-12-30,15.2,21.4,10.8,63,47.0,0.0
2014-12-31,16.1,23.5,10.3,65,41.0,0.0
2015-01-01,13.3,15.6,11.3,58,45.0,0.0
2015-01-02,13.5,17.5,10.9,59,49.0,0.0
2015-01-03,16.0,22.1,12.3,61,42.0,0.0
2015-01-04,16.1,21.8,11.3,75,48.0,0.0
2015-01-05,17.6,23.7,13.3,80,47.0,0.0
2015-01-06,18.6,24.2,16.0,79,54.0,0.0
2015-01-07,14.4,17.5,12.4,84,69.0,1.0
2015-01-08,12.8,15.1,11.0,62,52.0,0.0
2015-01-09,14.7,18.8,11.8,64,51.0,0.0
2015-01-10,16.2,19.5,13.9,61,48.0,0.0
2015-01-11,16.7,19.3,15.3,64,54.0,0.0
2015-01-12,16.9,19.0,15.3,68,55.0,0.0
2015-01-13,20.1,26.2,16.2,67,44.0,6.5
2015-01-14,15.0,17.3,13.3,87,66.0,7.5
2015-01-15,14.8,17.0,11.7,73,64.0,0.0
2015-01-16,16.9,21.5,14.4,70,54.0,0.0
2015-01-17,14.8,17.1,13.9,61,48.0,0.0
2015-01-18,16.4,21.6,13.7,65,50.0,0.0
2015-01-19,15.3,17.4,14.2,60,52.0,0.0
2015-01-20,17.9,22.4,14.7,64,52.0,0.0
2015-01-21,16.2,20.5,12.6,84,64.0,1.0
2015-01-22,13.9,19.1,10.8,69,40.0,0.0
2015-01-23,14.9,22.8,10.0,59,34.0,0.0
2015-01-24,16.5,24.1,11.8,65,37.0,0.0
2015-01-25,18.3,23.7,13.8,70,51.0,0.0
2015-01-26,18.0,21.4,15.7,82,63.0,1.0
2015-01-27,16.6,18.7,14.8,90,82.0,14.0
2015-01-28,15.0,16.8,13.9,83,74.0,0.0
2015-01-29,18.0,23.6,14.5,80,62.0,0.0
2015-01-30,14.8,17.4,12.6,86,77.0,0.0
2015-01-31,13.7,16.0,12.6,80,72.0,0.0
2015-02-01,15.3,19.0,12.9,76,61.0,0.0
2015-02-02,17.7,,,76,,0.0
2015-02-03,16.5,19.1,14.8,91,79.0,4.0
2015-02-04,14.2,17.0,12.3,89,81.0,2.5
2015-02-05,11.0,12.4,9.9,77,64.0,4.0
2015-02-06,11.4,,,85,,1.0
2015-02-07,15.9,21.0,11.7,85,59.0,0.5
2015-02-08,12.3,,,75,,3.0
2015-02-09,10.5,11.6,9.3,75,56.0,0.0
2015-02-10,13.1,17.4,10.6,69,54.0,0.0
2015-02-11,14.4,18.9,10.7,78,45.0,0.0
2015-02-12,15.1,19.2,12.7,58,33.0,0.0
2015-02-13,17.1,25.4,11.3,52,28.0,0.0
2015-02-14,19.5,24.8,15.0,54,32.0,0.0
2015-02-15,19.0,23.9,14.3,68,49.0,7.0
2015-02-16,19.1,25.0,14.4,82,53.0,11.0
2015-02-17,19.2,24.3,17.2,72,52.0,0.0
2015-02-18,17.4,20.3,15.8,67,57.0,0.0
2015-02-19,16.2,18.9,15.1,68,57.0,0.0
2015-02-20,17.8,23.7,15.6,75,52.0,0.0
2015-02-21,19.7,26.2,15.7,76,45.0,0.5
2015-02-22,19.1,22.9,16.7,87,71.0,0.0
2015-02-23,17.7,19.5,16.1,92,86.0,0.0
2015-02-24,17.1,22.2,14.0,90,71.0,52.5
2015-02-25,18.9,24.2,15.5,88,67.0,0.0
2015-02-26,18.2,20.6,16.0,92,87.0,0.5
2015-02-27,18.9,24.7,16.0,87,69.0,0.0
2015-02-28,17.3,20.8,15.6,89,74.0,0.0
2015-03-01,13.3,16.5,11.7,81,70.0,0.0
2015-03-02,14.6,16.4,12.6,82,74.0,0.0
2015-03-03,18.5,24.7,14.7,80,62.0,0.0
2015-03-04,14.2,15.4,13.3,84,76.0,2.0
2015-03-05,15.7,17.8,13.4,90,81.0,1.5
2015-03-06,15.2,17.6,12.8,91,76.0,10.5
2015-03-07,16.2,19.1,14.4,87,76.0,0.5
2015-03-08,18.0,21.5,15.9,89,76.0,0.5
2015-03-09,16.4,19.5,14.3,79,66.0,0.0
2015-03-10,12.9,15.0,10.6,83,68.0,14.0
2015-03-11,12.0,12.9,10.6,95,92.0,46.0
2015-03-12,13.4,15.0,12.2,91,81.0,11.5
2015-03-13,17.9,23.4,13.1,82,64.0,0.0
2015-03-14,19.7,24.4,15.7,82,63.0,0.0
2015-03-15,21.6,26.8,17.6,80,58.0,0.0
2015-03-16,22.3,27.0,19.9,84,67.0,0.0
2015-03-17,23.7,28.5,20.7,84,63.0,0.0
2015-03-18,25.1,30.1,22.6,74,48.0,0.0
2015-03-19,24.9,29.8,22.5,74,43.0,0.0
2015-03-20,22.4,29.1,19.9,84,61.0,0.0
2015-03-21,19.7,21.9,17.0,86,74.0,0.0
2015-03-22,19.0,,,71,,0.0
2015-03-23,16.4,19.4,13.7,88,60.0,43.0
2015-03-24,15.5,17.4,13.7,85,73.0,3.5
2015-03-25,14.3,15.6,13.5,93,84.0,28.0
2015-03-26,18.0,19.2,15.3,93,85.0,22.0
2015-03-27,16.7,18.0,14.0,94,83.0,19.0
2015-03-28,17.9,23.5,13.1,71,47.0,0.0
2015-03-29,22.0,29.6,14.8,64,30.0,0.0
2015-03-30,23.6,28.8,19.5,70,48.0,0.0
2015-03-31,24.1,30.1,23.7,79,58.0,0.0
2015-04-01,25.8,30.7,22.8,79,55.0,0.0
2015-04-02,26.2,31.4,22.7,79,55.0,0.0
2015-04-03,26.9,32.5,22.6,75,53.0,0.0
2015-04-04,27.3,32.8,23.8,71,46.0,0.0
2015-04-05,27.7,32.9,23.3,69,50.0,0.0
2015-04-06,26.8,34.8,21.4,74,45.0,0.0
2015-04-07,19.4,22.4,14.7,79,68.0,0.5
2015-04-08,14.9,17.1,13.9,88,74.0,8.0
2015-04-09,17.2,20.3,14.2,87,74.0,7.5
2015-04-10,17.0,18.4,14.9,91,83.0,11.5
2015-04-11,15.4,16.9,14.4,94,86.0,23.5
2015-04-12,17.2,18.7,15.5,94,88.0,1.0
2015-04-13,19.1,24.6,15.3,71,41.0,0.5
2015-04-14,17.9,23.6,13.4,55,28.0,0.0
2015-04-15,20.0,26.7,12.2,52,16.0,0.0
2015-04-16,23.3,29.5,18.0,65,46.0,0.0
2015-04-17,22.4,26.8,19.1,82,66.0,0.0
2015-04-18,25.2,31.8,21.6,82,51.0,2.0
2015-04-19,26.8,33.0,23.1,76,44.0,6.0
2015-04-20,25.8,32.8,18.2,70,35.0,4.5
2015-04-21,18.2,20.2,16.8,86,76.0,25.5
2015-04-22,19.6,24.2,17.2,76,57.0,0.5
2015-04-23,22.7,27.3,19.1,74,64.0,0.0
2015-04-24,23.4,28.5,21.0,78,61.0,0.0
2015-04-25,22.5,26.0,21.0,70,57.0,0.0
2015-04-26,25.4,32.5,20.6,64,45.0,0.0
2015-04-27,25.6,29.6,23.2,75,61.0,0.0
2015-04-28,25.2,30.2,23.0,79,59.0,0.0
2015-04-29,25.7,30.7,23.2,79,57.0,0.0
2015-04-30,25.6,31.6,22.4,72,50.0,0.0
2015-05-01,24.6,28.0,21.3,75,62.0,0.0
2015-05-02,26.7,32.9,23.2,74,54.0,0.0
2015-05-03,27.7,32.3,23.7,74,52.0,1.5
2015-05-04,21.0,23.9,19.2,85,74.0,29.5
2015-05-05,19.2,20.8,17.8,94,89.0,33.0
2015-05-06,23.1,25.3,20.1,89,80.0,0.0
2015-05-07,24.6,29.7,22.2,84,63.0,0.0
2015-05-08,25.6,28.6,22.7,80,68.0,0.0
2015-05-09,26.3,32.5,22.5,80,55.0,0.0
2015-05-10,25.7,30.5,22.2,81,63.0,0.0
2015-05-11,26.5,30.1,24.7,84,70.0,0.0
2015-05-12,22.2,-99.7,19.7,75,43.0,26.0
2015-05-13,26.5,32.3,21.3,65,51.0,0.0
2015-05-14,27.6,31.7,24.0,77,60.0,0.0
2015-05-15,28.2,32.1,24.1,77,62.0,0.0
2015-05-16,29.2,33.9,25.5,68,51.0,0.0
2015-05-17,28.1,32.2,25.8,73,56.0,0.0
2015-05-18,29.2,33.5,24.9,63,47.0,0.0
2015-05-19,29.6,33.9,26.8,62,44.0,0.0
2015-05-20,24.3,-99.7,21.8,92,72.0,61.0
2015-05-21,21.6,22.6,20.8,81,72.0,0.5
2015-05-22,24.1,27.9,21.1,90,72.0,20.0
2015-05-23,24.1,-99.7,23.5,96,91.0,40.0
2015-05-24,23.7,33.2,22.2,97,93.0,33.0
2015-05-25,23.2,24.8,22.1,92,83.0,7.5
2015-05-26,23.1,24.5,22.3,89,80.0,24.0
2015-05-27,26.5,30.7,22.6,84,64.0,0.0
2015-05-28,29.5,34.9,25.0,71,47.0,0.0
2015-05-29,30.7,34.9,27.5,70,58.0,0.0
2015-05-30,30.4,34.9,27.7,73,54.0,0.0
2015-05-31,27.4,30.6,25.6,85,73.0,4.0
2015-06-01,27.6,30.5,25.3,83,72.0,0.5
2015-06-02,29.5,31.9,28.3,73,61.0,0.0
2015-06-03,30.2,35.2,26.9,67,48.0,0.0
2015-06-04,28.2,32.0,26.7,80,62.0,0.0
2015-06-05,29.8,35.0,26.8,71,46.0,0.0
2015-06-06,27.8,31.5,25.3,81,63.0,0.0
2015-06-07,28.3,32.8,25.5,79,63.0,1.0
2015-06-08,29.4,34.3,25.4,70,43.0,0.0
2015-06-09,30.2,34.9,26.1,67,45.0,0.0
2015-06-10,30.7,35.5,26.8,67,50.0,0.0
2015-06-11,31.2,35.7,27.1,66,45.0,0.0
2015-06-12,30.9,34.2,27.9,68,54.0,0.0
2015-06-13,30.3,34.4,27.2,69,54.0,0.0
2015-06-14,29.5,34.4,26.9,73,53.0,0.0
2015-06-15,29.9,33.8,26.3,72,60.0,0.0
2015-06-16,30.8,35.3,27.4,69,55.0,0.0
2015-06-17,31.2,35.4,27.7,67,48.0,0.0
2015-06-18,31.1,35.3,27.5,64,45.0,0.0
2015-06-19,30.6,35.6,27.6,71,53.0,0.0
2015-06-20,30.2,34.2,28.1,73,56.0,0.0
2015-06-21,29.6,34.5,26.7,75,55.0,0.0
2015-06-22,29.5,34.2,26.2,74,52.0,2.0
2015-06-23,28.2,34.5,25.1,82,51.0,49.0
2015-06-24,28.2,34.1,25.4,86,57.0,9.0
2015-06-25,30.4,34.7,26.1,74,54.0,0.5
2015-06-26,31.3,35.8,28.2,68,53.0,0.0
2015-06-27,31.6,35.7,28.9,67,52.0,0.0
2015-06-28,31.8,35.8,28.7,66,52.0,0.0
2015-06-29,31.5,35.4,28.5,66,54.0,0.0
2015-06-30,31.6,35.4,28.3,64,53.0,0.0
2015-07-01,31.7,35.2,28.5,63,52.0,0.0
2015-07-02,32.0,36.6,29.0,63,52.0,0.0
2015-07-03,30.8,33.2,27.9,70,54.0,0.0
2015-07-04,29.7,33.5,27.5,77,61.0,0.0
2015-07-05,31.7,36.9,27.6,67,49.0,0.0
2015-07-06,31.6,37.5,28.9,68,49.0,1.5
2015-07-07,31.6,36.6,27.6,68,52.0,0.0
2015-07-08,31.5,34.9,28.4,62,50.0,0.0
2015-07-09,29.6,34.8,26.6,77,59.0,15.5
2015-07-10,25.9,32.5,24.9,93,78.0,53.5
2015-07-11,30.1,32.3,27.1,69,60.0,0.0
2015-07-12,30.8,34.9,27.7,69,57.0,0.0
2015-07-13,30.8,34.9,27.8,70,51.0,0.0
2015-07-14,30.2,34.8,27.0,68,49.0,0.0
2015-07-15,30.1,34.0,26.9,67,52.0,0.0
2015-07-16,30.7,34.8,27.3,66,47.0,0.0
2015-07-17,30.5,34.6,27.6,72,57.0,0.0
2015-07-18,30.9,36.1,27.0,66,47.0,0.0
2015-07-19,29.0,33.7,25.3,77,56.0,14.0
2015-07-20,28.6,34.6,25.2,82,57.0,22.0
2015-07-21,31.1,37.6,26.5,65,36.0,0.0
2015-07-22,30.3,34.8,27.6,65,46.0,0.0
2015-07-23,28.7,35.2,25.9,77,47.0,3.5
2015-07-24,29.4,35.4,25.1,73,38.0,0.0
2015-07-25,30.1,35.7,26.5,70,43.0,0.0
2015-07-26,30.7,35.8,27.3,66,44.0,0.0
2015-07-27,29.8,35.7,27.1,68,48.0,0.0
2015-07-28,28.4,36.7,23.8,72,42.0,20.5
2015-07-29,28.8,34.8,23.9,71,49.0,0.5
2015-07-30,28.7,34.0,25.6,74,56.0,0.5
2015-07-31,29.5,34.8,25.4,67,46.0,0.0
2015-08-01,29.8,34.7,26.3,67,49.0,0.0
2015-08-02,30.2,35.3,26.8,63,42.0,0.0
2015-08-03,29.9,34.3,26.3,65,49.0,0.0
2015-08-04,30.0,34.8,26.9,67,48.0,0.0
2015-08-05,28.4,32.9,23.9,75,59.0,13.0
2015-08-06,29.6,36.1,24.4,72,47.0,18.5
2015-08-07,28.3,32.8,26.3,83,65.0,11.5
2015-08-08,26.9,30.2,23.6,85,64.0,147.5
2015-08-09,27.7,32.0,25.4,83,65.0,0.0
2015-08-10,29.4,35.0,25.6,76,56.0,0.0
2015-08-11,30.2,36.2,25.8,71,47.0,0.0
2015-08-12,29.7,34.6,26.6,77,53.0,8.5
2015-08-13,29.2,34.2,26.7,75,54.0,0.0
2015-08-14,29.6,34.6,26.4,71,50.0,0.0
2015-08-15,30.3,35.2,27.3,65,46.0,0.0
2015-08-16,29.2,32.9,25.3,66,51.0,7.5
2015-08-17,29.9,33.8,26.8,68,56.0,0.0
2015-08-18,29.0,33.4,26.7,76,57.0,0.5
2015-08-19,29.2,36.2,26.1,78,49.0,16.5
2015-08-20,30.7,35.9,26.9,66,47.0,0.0
2015-08-21,30.5,34.7,28.4,68,53.0,0.0
2015-08-22,29.8,34.2,27.0,72,54.0,0.5
2015-08-23,27.5,36.9,25.7,89,78.0,14.0
2015-08-24,29.1,33.4,26.5,80,58.0,3.0
2015-08-25,27.3,31.6,23.7,82,63.0,13.5
2015-08-26,27.4,31.8,24.2,81,60.0,11.5
2015-08-27,25.0,28.7,23.7,95,81.0,27.5
2015-08-28,25.8,29.4,24.4,91,74.0,3.0
2015-08-29,25.7,30.2,24.1,91,68.0,14.5
2015-08-30,25.5,27.5,24.4,93,73.0,6.0
2015-08-31,24.5,25.8,23.7,96,91.0,14.0
2015-09-01,26.5,32.1,23.7,88,60.0,30.5
2015-09-02,27.5,32.6,24.2,82,60.0,0.0
2015-09-03,28.5,32.8,25.0,78,60.0,0.0
2015-09-04,28.9,32.9,26.5,76,57.0,0.0
2015-09-05,29.4,33.8,26.3,70,53.0,0.0
2015-09-06,29.8,35.5,25.7,73,48.0,8.5
2015-09-07,25.6,27.5,23.5,87,73.0,22.0
2015-09-08,27.3,32.9,23.1,71,45.0,0.0
2015-09-09,27.3,32.7,24.4,63,43.0,0.0
2015-09-10,26.8,33.0,22.9,63,38.0,0.0
2015-09-11,26.8,32.1,23.1,65,44.0,0.0
2015-09-12,27.1,33.7,22.6,65,46.0,0.0
2015-09-13,26.9,33.1,24.0,66,47.0,0.0
2015-09-14,27.1,32.3,23.7,75,55.0,0.0
2015-09-15,28.4,33.2,25.3,74,55.0,0.0
2015-09-16,26.8,31.1,24.3,82,65.0,13.0
2015-09-17,26.8,31.4,24.2,70,52.0,0.0
2015-09-18,26.5,32.6,22.9,63,41.0,0.0
2015-09-19,26.4,32.9,22.5,62,43.0,0.0
2015-09-20,27.2,32.6,24.2,67,52.0,0.0
2015-09-21,27.5,30.9,24.7,74,59.0,0.0
2015-09-22,28.2,32.9,24.6,73,53.0,0.0
2015-09-23,28.7,30.7,27.9,73,62.0,0.0
2015-09-24,27.7,32.1,25.6,75,59.0,0.0
2015-09-25,28.0,33.1,24.9,67,51.0,0.0
2015-09-26,26.1,29.8,23.8,75,59.0,0.0
2015-09-27,23.9,25.8,23.1,89,77.0,7.5
2015-09-28,25.8,27.7,24.0,94,86.0,145.5
2015-09-29,27.6,29.5,26.0,85,73.0,1.5
2015-09-30,28.9,34.3,25.3,79,53.0,0.0
2015-10-01,29.2,33.0,26.2,77,58.0,0.0
2015-10-02,25.3,27.9,23.3,86,79.0,11.5
2015-10-03,28.8,34.7,24.7,73,54.0,0.0
2015-10-04,29.5,34.9,25.5,72,51.0,0.0
2015-10-05,29.5,36.1,26.1,69,47.0,0.0
2015-10-06,27.9,32.7,25.7,72,54.0,0.0
2015-10-07,27.2,32.9,24.7,67,50.0,0.0
2015-10-08,25.8,28.4,23.5,82,72.0,2.5
2015-10-09,22.8,24.2,21.6,92,76.0,56.0
2015-10-10,23.8,26.4,21.9,74,61.0,0.5
2015-10-11,21.0,22.6,19.3,82,67.0,7.0
2015-10-12,22.5,25.2,19.9,59,50.0,0.0
2015-10-13,23.0,26.9,20.7,59,45.0,0.0
2015-10-14,23.2,28.1,20.1,64,49.0,0.0
2015-10-15,23.8,29.3,19.8,67,48.0,0.0
2015-10-16,24.4,28.7,22.0,73,56.0,0.0
2015-10-17,24.2,27.8,21.8,70,50.0,0.0
2015-10-18,23.3,25.6,22.2,77,63.0,0.0
2015-10-19,25.1,28.5,22.6,75,62.0,0.0
2015-10-20,25.7,28.5,23.1,70,61.0,0.0
2015-10-21,23.8,26.9,21.9,82,71.0,1.0
2015-10-22,23.4,27.0,22.0,89,77.0,11.0
2015-10-23,24.5,28.4,21.9,90,75.0,3.5
2015-10-24,24.5,27.7,23.0,89,75.0,3.5
2015-10-25,24.7,27.9,23.1,77,63.0,0.0
2015-10-26,26.2,31.0,22.9,69,54.0,0.0
2015-10-27,26.0,31.2,23.9,76,51.0,0.0
2015-10-28,25.0,28.2,23.1,79,68.0,0.0
2015-10-29,25.6,30.6,23.4,80,59.0,0.0
2015-10-30,25.6,,,77,,0.0
2015-10-31,22.1,25.6,20.9,80,70.0,0.0
2015-11-01,22.3,24.8,21.1,79,68.0,0.5
2015-11-02,20.3,21.9,19.2,87,79.0,2.5
2015-11-03,22.1,,,85,,0.0
2015-11-04,26.4,29.5,22.4,74,62.0,0.0
2015-11-05,27.2,31.6,22.2,73,56.0,0.0
2015-11-06,28.0,,,73,,0.0
2015-11-07,27.8,,,76,,0.0
2015-11-08,28.0,,,70,,0.0
2015-11-09,26.7,,,74,,0.0
2015-11-10,21.5,21.7,20.1,73,67.0,0.0
2015-11-11,21.0,23.6,19.4,82,66.0,11.5
2015-11-12,23.6,26.9,20.7,82,71.0,0.0
2015-11-13,24.1,26.9,21.4,85,74.0,0.0
2015-11-14,23.6,26.8,21.8,82,74.0,0.0
2015-11-15,24.1,27.8,21.7,77,64.0,0.0
2015-11-16,26.1,31.8,22.9,74,45.0,0.0
2015-11-17,26.1,32.8,22.0,74,46.0,0.0
2015-11-18,26.6,31.1,24.0,77,57.0,0.0
2015-11-19,24.6,28.0,22.9,78,66.0,0.0
2015-11-20,24.4,28.2,22.0,80,67.0,0.0
2015-11-21,23.7,25.5,21.7,76,62.0,1.5
2015-11-22,25.2,28.8,23.2,73,60.0,0.0
2015-11-23,24.5,29.1,21.8,78,60.0,2.5
2015-11-24,22.2,24.7,21.2,78,68.0,0.5
2015-11-25,20.7,24.0,16.5,80,66.0,1.5
2015-11-26,16.0,,,58,,0.5
2015-11-27,15.6,,,59,,0.0
2015-11-28,19.9,,,71,,0.0
2015-11-29,20.4,26.6,17.9,79,50.0,0.0
2015-11-30,21.1,24.0,19.5,81,68.0,0.0
2015-12-01,22.1,26.0,20.1,78,62.0,0.0
2015-12-02,21.6,24.7,19.0,81,70.0,0.0
2015-12-03,17.5,20.5,15.7,72,56.0,1.5
2015-12-04,16.4,17.5,15.1,69,58.0,0.0
2015-12-05,21.2,27.8,15.8,75,54.0,1.0
2015-12-06,17.1,-99.7,16.3,93,88.0,13.5
2015-12-07,18.1,20.6,16.3,77,61.0,0.0
2015-12-08,19.1,20.9,17.8,81,76.0,0.0
2015-12-09,21.8,25.2,20.1,79,64.0,2.0
2015-12-10,19.6,-99.7,17.4,86,63.0,19.5
2015-12-11,18.5,20.6,17.0,80,67.0,0.0
2015-12-12,18.1,21.1,16.0,85,71.0,3.5
2015-12-13,21.4,26.7,18.0,82,64.0,0.0
2015-12-14,21.1,24.9,18.7,84,69.0,0.0
2015-12-15,17.0,19.0,15.2,83,74.0,0.0
2015-12-16,14.0,15.7,12.1,63,54.0,0.0
2015-12-17,11.7,14.1,10.5,57,45.0,0.0
2015-12-18,15.2,18.8,11.2,64,51.0,0.0
2015-12-19,18.2,21.5,15.5,78,67.0,0.0
2015-12-20,20.2,24.5,16.8,74,57.0,0.0
2015-12-21,20.7,23.4,18.8,84,70.0,0.0
2015-12-22,22.7,28.9,18.7,81,52.0,0.0
2015-12-23,22.6,28.2,18.8,79,54.0,0.0
2015-12-24,21.0,26.4,18.9,90,66.0,1.0
2015-12-25,16.5,-99.7,14.9,91,84.0,11.0
2015-12-26,17.0,19.5,14.7,83,71.0,0.5
2015-12-27,16.1,18.2,14.3,94,89.0,20.0
2015-12-28,15.2,17.4,13.9,81,66.0,1.0
2015-12-29,16.8,19.7,14.8,69,56.0,0.0
2015-12-30,15.9,17.0,14.7,87,81.0,1.5
2015-12-31,15.8,17.0,14.4,75,63.0,0.0
2016-01-01,18.7,22.8,15.4,78,66.0,0.0
2016-01-02,18.3,20.1,17.3,89,81.0,0.0
2016-01-03,18.6,20.2,17.6,96,90.0,16.5
2016-01-04,20.2,22.5,18.3,93,81.0,0.0
2016-01-05,20.0,22.6,18.8,93,87.0,1.0
2016-01-06,17.7,19.8,16.5,91,86.0,41.0
2016-01-07,17.7,20.6,16.3,79,65.0,0.0
2016-01-08,16.2,18.0,15.0,83,72.0,4.0
2016-01-09,16.8,20.4,14.0,76,62.0,0.0
2016-01-10,18.7,23.4,14.5,83,62.0,0.0
2016-01-11,16.6,19.4,15.5,95,85.0,37.5
2016-01-12,15.6,17.9,13.9,88,71.0,5.5
2016-01-13,13.3,26.2,12.1,93,85.0,7.0
2016-01-14,13.7,15.6,11.9,85,76.0,0.0
2016-01-15,14.9,16.4,13.3,91,85.0,2.5
2016-01-16,17.7,21.3,14.4,85,66.0,0.0
2016-01-17,16.3,18.4,12.6,96,92.0,45.5
2016-01-18,14.3,17.6,11.7,71,54.0,0.5
2016-01-19,13.1,14.9,12.5,85,67.0,3.5
2016-01-20,14.4,16.9,11.6,89,82.0,5.5
2016-01-21,15.5,17.0,13.9,96,92.0,15.5
2016-01-22,14.6,16.1,13.4,93,84.0,39.5
2016-01-23,9.6,13.7,6.3,91,81.0,33.5
2016-01-24,4.6,6.6,2.9,74,57.0,8.0
2016-01-25,7.4,10.2,4.4,63,54.0,0.0
2016-01-26,14.2,19.6,7.8,62,49.0,0.0
2016-01-27,17.9,23.6,13.9,74,51.0,0.0
2016-01-28,16.4,18.2,15.3,96,92.0,5.0
2016-01-29,16.7,17.3,16.1,97,94.0,33.5
2016-01-30,15.1,16.8,14.2,94,88.0,9.5
2016-01-31,17.5,20.8,14.6,80,63.0,0.0
2016-02-01,12.9,18.3,10.7,94,88.0,30.0
2016-02-02,11.3,12.3,10.4,95,92.0,15.5
2016-02-03,14.0,17.7,12.0,89,72.0,1.0
2016-02-04,15.9,18.8,14.2,91,78.0,6.0
2016-02-05,13.2,15.4,11.6,92,82.0,6.5
2016-02-06,10.5,12.0,8.0,61,46.0,0.0
2016-02-07,10.0,16.0,6.5,59,39.0,0.0
2016-02-08,12.1,20.3,5.0,51,18.0,0.0
2016-02-09,14.3,22.2,7.3,57,20.0,0.0
2016-02-10,17.4,25.1,10.5,61,32.0,0.0
2016-02-11,18.7,25.5,15.7,78,52.0,0.0
2016-02-12,20.8,27.2,16.7,80,59.0,0.0
2016-02-13,22.6,29.1,17.7,76,39.0,0.0
2016-02-14,15.5,20.7,9.5,91,84.0,17.5
2016-02-15,9.9,11.4,7.8,81,59.0,1.0
2016-02-16,11.5,12.3,10.7,72,61.0,0.0
2016-02-17,12.7,14.5,11.6,77,56.0,5.0
2016-02-18,15.7,20.1,12.5,90,74.0,7.0
2016-02-19,14.6,16.9,12.7,98,94.0,1.0
2016-02-20,13.2,15.2,11.7,76,57.0,1.0
2016-02-21,15.0,17.5,12.7,61,56.0,0.0
2016-02-22,15.9,21.6,13.3,78,54.0,0.0
2016-02-23,13.4,14.6,12.5,93,89.0,1.5
2016-02-24,12.6,13.4,12.0,90,80.0,4.5
2016-02-25,13.1,14.3,11.8,83,77.0,1.0
2016-02-26,13.6,15.2,12.4,92,83.0,3.5
2016-02-27,14.6,15.5,14.0,96,91.0,16.5
2016-02-28,18.3,25.0,14.3,72,49.0,0.0
2016-02-29,15.7,,,63,,0.0
2016-03-01,15.0,19.9,12.2,53,40.0,0.0
2016-03-02,18.0,25.4,13.4,55,34.0,0.0
2016-03-03,18.4,25.1,13.0,62,38.0,0.0
2016-03-04,20.0,25.5,14.7,65,41.0,0.0
2016-03-05,20.9,27.3,16.8,77,54.0,0.0
2016-03-06,20.6,24.9,17.6,83,57.0,0.0
2016-03-07,20.8,24.8,18.1,84,68.0,0.0
2016-03-08,21.8,27.6,19.1,86,56.0,1.5
2016-03-09,16.6,22.3,12.8,92,85.0,22.0
2016-03-10,11.4,13.2,10.1,95,91.0,51.5
2016-03-11,11.4,12.9,10.0,94,87.0,15.5
2016-03-12,14.1,16.2,11.6,95,89.0,4.5
2016-03-13,16.0,18.6,14.2,97,91.0,37.0
2016-03-14,13.3,14.5,12.4,81,68.0,11.5
2016-03-15,13.2,14.4,12.1,92,73.0,12.0
2016-03-16,15.1,16.2,13.9,98,95.0,5.5
2016-03-17,18.1,21.3,15.8,95,87.0,1.0
2016-03-18,19.6,22.8,16.6,97,86.0,23.5
2016-03-19,19.0,20.8,18.3,96,86.0,11.5
2016-03-20,18.2,21.2,16.2,82,70.0,1.5
2016-03-21,17.3,19.5,15.4,86,69.0,5.0
2016-03-22,18.6,23.9,16.8,92,67.0,0.5
2016-03-23,16.5,18.2,12.4,94,92.0,40.5
2016-03-24,11.8,12.9,10.5,90,84.0,12.0
2016-03-25,10.6,11.5,9.9,95,92.0,24.5
2016-03-26,13.4,19.7,8.6,65,39.0,0.0
2016-03-27,13.3,17.0,10.7,68,55.0,0.0
2016-03-28,15.7,22.9,8.6,54,28.0,0.0
2016-03-29,18.1,24.4,11.2,56,39.0,0.0
2016-03-30,19.5,24.7,16.2,66,47.0,0.0
2016-03-31,19.4,20.9,17.3,80,69.0,0.0
2016-04-01,21.2,26.9,18.1,72,55.0,0.0
2016-04-02,23.1,29.4,18.8,74,50.0,0.0
2016-04-03,24.3,28.9,21.0,78,59.0,0.0
2016-04-04,23.4,28.1,21.2,81,57.0,0.0
2016-04-05,23.2,27.7,20.8,78,60.0,0.0
2016-04-06,24.6,31.3,20.4,76,51.0,0.0
2016-04-07,26.3,31.8,22.6,77,52.0,0.0
2016-04-08,23.7,28.7,21.7,81,64.0,0.0
2016-04-09,23.0,26.6,20.5,80,66.0,0.0
2016-04-10,22.1,28.0,19.6,87,62.0,10.5
2016-04-11,20.1,21.5,18.7,89,79.0,9.5
2016-04-12,22.2,26.3,19.8,86,66.0,4.5
2016-04-13,21.3,25.5,19.8,91,68.0,65.0
2016-04-14,20.8,21.0,19.6,91,86.0,20.5
2016-04-15,21.1,24.9,17.8,86,71.0,4.0
2016-04-16,25.0,30.2,21.0,78,57.0,0.0
2016-04-17,22.7,27.9,19.9,83,58.0,2.0
2016-04-18,18.5,22.5,16.3,90,79.0,12.5
2016-04-19,22.0,27.5,17.1,70,56.0,0.0
2016-04-20,24.3,30.5,20.1,75,54.0,0.0
2016-04-21,26.9,32.9,22.5,77,55.0,0.0
2016-04-22,26.7,30.3,24.1,76,61.0,0.0
2016-04-23,26.3,31.1,22.7,77,55.0,0.0
2016-04-24,25.2,29.5,23.3,82,59.0,3.0
2016-04-25,25.0,28.3,22.9,82,66.0,1.5
2016-04-26,26.4,30.8,22.6,77,57.0,0.0
2016-04-27,26.2,32.0,22.8,78,45.0,26.5
2016-04-28,21.8,25.7,19.3,80,60.0,8.0
2016-04-29,22.3,28.0,19.2,55,40.0,0.0
2016-04-30,22.8,28.0,20.1,70,53.0,0.5
2016-05-01,22.7,26.1,20.1,85,65.0,3.5
2016-05-02,27.1,32.4,21.1,71,50.0,0.0
2016-05-03,27.3,32.0,24.2,72,56.0,4.5
2016-05-04,27.1,32.1,23.9,72,54.0,0.0
2016-05-05,26.9,31.8,24.4,79,62.0,6.0
2016-05-06,28.7,34.7,23.7,71,50.0,0.0
2016-05-07,29.1,32.9,26.2,71,54.0,0.0
2016-05-08,28.1,32.1,25.5,74,60.0,0.0
2016-05-09,28.6,33.4,25.7,70,53.0,0.0
2016-05-10,27.3,31.5,23.3,75,56.0,7.0
2016-05-11,21.6,24.5,19.6,76,58.0,29.5
2016-05-12,26.1,30.7,21.4,71,56.0,0.0
2016-05-13,28.0,33.7,23.4,70,46.0,0.0
2016-05-14,29.1,34.3,25.5,65,48.0,0.0
2016-05-15,28.6,33.1,26.3,69,54.0,0.0
2016-05-16,21.3,27.1,18.1,85,64.0,159.5
2016-05-17,20.3,22.2,18.2,71,63.0,0.0
2016-05-18,23.2,26.6,20.6,81,67.0,0.0
2016-05-19,24.8,29.2,21.5,75,58.0,0.0
2016-05-20,25.3,30.1,22.1,74,54.0,0.0
2016-05-21,25.3,28.5,23.9,84,67.0,1.0
2016-05-22,25.8,29.4,24.1,85,63.0,4.5
2016-05-23,26.1,32.6,24.2,87,58.0,9.5
2016-05-24,25.6,29.5,24.1,85,69.0,1.0
2016-05-25,26.4,30.2,24.2,80,64.0,0.0
2016-05-26,27.9,32.6,24.1,76,58.0,0.0
2016-05-27,28.2,33.3,25.5,80,58.0,10.0
2016-05-28,29.9,35.4,25.6,72,52.0,0.0
2016-05-29,31.0,35.0,27.9,64,48.0,0.0
2016-05-30,30.3,33.9,28.1,72,59.0,0.0
2016-05-31,31.3,35.8,28.1,65,50.0,0.0
2016-06-01,31.8,38.1,27.8,60,38.0,0.0
2016-06-02,27.2,30.4,24.5,85,61.0,72.0
2016-06-03,29.4,34.0,25.1,80,61.0,16.5
2016-06-04,31.2,36.1,27.7,69,51.0,0.0
2016-06-05,28.7,33.4,25.6,76,60.0,0.5
2016-06-06,26.4,29.2,24.5,84,69.0,10.5
2016-06-07,28.1,33.8,24.8,77,58.0,2.5
2016-06-08,29.2,34.7,25.0,69,51.0,0.0
2016-06-09,28.8,33.2,26.7,71,59.0,0.0
2016-06-10,27.3,32.6,25.0,80,55.0,12.0
2016-06-11,26.8,30.7,25.0,81,66.0,2.0
2016-06-12,28.5,32.8,25.6,72,53.0,0.5
2016-06-13,28.6,33.2,24.0,69,52.0,39.5
2016-06-14,25.2,,,92,,71.0
2016-06-15,29.4,,,75,,0.5
2016-06-16,31.0,35.2,27.0,66,53.0,0.0
2016-06-17,29.6,34.8,24.6,74,50.0,16.0
2016-06-18,28.9,34.3,25.2,73,53.0,0.0
2016-06-19,29.6,35.5,25.4,68,49.0,0.0
2016-06-20,29.9,35.0,26.9,68,52.0,0.0
2016-06-21,30.4,35.0,26.5,64,50.0,0.0
2016-06-22,31.4,36.0,26.8,65,51.0,0.0
2016-06-23,30.9,35.9,27.9,70,50.0,0.0
2016-06-24,30.6,35.8,27.1,66,50.0,0.0
2016-06-25,30.7,35.0,27.1,66,53.0,0.0
2016-06-26,30.9,34.9,27.9,68,55.0,0.0
2016-06-27,31.2,36.3,27.5,66,47.0,0.5
2016-06-28,28.7,35.1,24.4,77,51.0,84.0
2016-06-29,28.8,35.2,24.0,78,54.0,12.5
2016-06-30,28.9,34.0,24.0,74,53.0,0.0
2016-07-01,30.0,34.9,26.4,70,48.0,0.0
2016-07-02,28.4,34.7,24.5,78,57.0,16.0
2016-07-03,28.3,35.3,24.1,77,48.0,8.0
2016-07-04,29.5,36.0,25.1,73,50.0,0.5
2016-07-05,31.3,36.7,26.7,64,46.0,0.0
2016-07-06,32.0,37.4,29.4,58,42.0,0.0
2016-07-07,29.5,34.4,26.6,74,53.0,5.0
2016-07-08,28.0,29.8,26.8,80,67.0,4.5
2016-07-09,29.2,34.4,26.6,76,58.0,10.0
2016-07-10,27.7,35.2,25.2,86,53.0,50.5
2016-07-11,27.4,32.5,25.5,86,60.0,9.0
2016-07-12,29.1,35.3,25.4,75,51.0,0.0
2016-07-13,30.6,35.8,26.3,66,45.0,0.0
2016-07-14,30.9,35.3,27.2,66,50.0,0.0
2016-07-15,31.4,35.9,27.6,61,47.0,0.0
2016-07-16,32.0,36.3,28.2,60,46.0,0.0
2016-07-17,31.1,36.9,28.7,65,46.0,0.0
2016-07-18,29.8,34.9,27.0,66,46.0,0.0
2016-07-19,28.4,34.8,25.9,71,52.0,2.0
2016-07-20,29.4,34.8,26.1,70,50.0,0.5
2016-07-21,30.4,34.9,26.2,68,52.0,0.0
2016-07-22,31.5,36.8,27.8,63,43.0,0.0
2016-07-23,31.7,37.5,28.1,61,43.0,0.0
2016-07-24,31.2,35.1,28.5,64,47.0,0.0
2016-07-25,30.7,35.5,27.2,63,46.0,0.0
2016-07-26,31.1,35.8,28.2,64,39.0,0.0
2016-07-27,31.5,37.3,26.9,60,40.0,0.0
2016-07-28,32.4,38.3,27.5,59,34.0,0.0
2016-07-29,32.2,39.0,28.5,62,33.0,0.0
2016-07-30,31.8,37.8,27.8,58,41.0,0.0
2016-07-31,31.7,36.4,28.2,61,45.0,0.0
2016-08-01,31.3,36.4,27.4,61,42.0,0.5
2016-08-02,29.5,35.4,26.8,73,52.0,2.5
2016-08-03,30.3,34.5,26.3,68,53.0,0.0
2016-08-04,31.4,36.3,27.9,60,45.0,0.0
2016-08-05,30.8,35.3,28.2,65,48.0,0.0
2016-08-06,30.6,36.1,27.8,69,48.0,2.0
2016-08-07,30.3,36.0,27.0,67,47.0,0.0
2016-08-08,30.3,34.6,27.0,68,50.0,0.0
2016-08-09,30.2,34.5,28.4,72,52.0,2.5
2016-08-10,30.9,37.2,27.1,69,42.0,2.5
2016-08-11,27.6,29.9,25.1,87,76.0,61.5
2016-08-12,29.8,35.9,27.1,73,50.0,0.0
2016-08-13,28.1,31.5,25.8,79,63.0,7.0
2016-08-14,31.0,36.5,26.5,62,43.0,0.0
2016-08-15,30.4,35.8,27.0,66,48.0,0.0
2016-08-16,29.1,33.0,26.5,75,60.0,0.0
2016-08-17,29.1,33.9,26.3,73,53.0,0.5
2016-08-18,29.5,33.8,26.2,71,57.0,0.0
2016-08-19,29.7,34.3,27.1,70,53.0,0.5
2016-08-20,30.2,35.2,26.1,69,49.0,0.0
2016-08-21,30.7,34.8,27.6,67,52.0,0.0
2016-08-22,31.2,,,60,,0.0
2016-08-23,30.8,,,63,,0.0
2016-08-24,31.3,36.3,28.0,63,47.0,0.0
2016-08-25,30.5,35.1,26.4,64,49.0,0.0
2016-08-26,31.1,36.1,27.0,63,40.0,0.0
2016-08-27,29.4,33.5,27.1,73,60.0,0.5
2016-08-28,26.0,30.2,23.8,81,65.0,29.5
2016-08-29,27.9,33.3,24.0,58,41.0,0.0
2016-08-30,28.7,34.1,25.4,52,34.0,0.0
2016-08-31,28.6,33.8,24.2,57,36.0,0.0
2016-09-01,29.5,35.7,24.6,60,43.0,0.0
2016-09-02,28.3,34.1,25.3,73,46.0,32.0
2016-09-03,27.3,31.1,24.8,86,69.0,44.0
2016-09-04,29.8,35.6,25.8,73,45.0,0.0
2016-09-05,29.2,32.9,27.2,76,63.0,0.0
2016-09-06,27.6,30.0,25.0,82,71.0,19.5
2016-09-07,29.2,34.4,24.9,70,47.0,1.5
2016-09-08,29.4,33.5,27.5,67,51.0,0.0
2016-09-09,27.2,29.7,25.1,85,68.0,24.5
2016-09-10,27.1,30.4,25.0,82,68.0,0.0
2016-09-11,28.6,32.9,25.5,76,59.0,0.0
2016-09-12,27.5,30.7,25.9,80,67.0,0.0
2016-09-13,28.7,34.4,25.7,72,48.0,0.5
2016-09-14,27.8,29.9,25.1,73,57.0,16.0
2016-09-15,27.6,29.5,26.1,81,61.0,0.5
2016-09-16,28.7,34.7,24.7,72,47.0,0.0
2016-09-17,25.6,-99.7,24.0,92,85.0,71.5
2016-09-18,25.6,29.6,23.5,81,54.0,17.0
2016-09-19,26.3,29.7,23.6,70,56.0,0.0
2016-09-20,25.5,28.8,23.5,72,58.0,0.0
2016-09-21,27.0,31.6,24.1,66,49.0,0.0
2016-09-22,27.1,31.4,24.3,71,58.0,0.0
2016-09-23,26.7,31.1,24.1,71,55.0,0.0
2016-09-24,27.0,31.4,24.4,69,51.0,0.0
2016-09-25,27.5,31.6,25.3,74,58.0,0.0
2016-09-26,27.5,31.3,25.4,81,63.0,4.0
2016-09-27,26.8,30.4,24.6,86,62.0,81.0
2016-09-28,27.9,31.8,26.3,82,62.0,1.5
2016-09-29,27.9,33.3,26.0,80,56.0,0.0
2016-09-30,27.4,33.9,24.9,80,50.0,21.0
2016-10-01,29.1,34.4,24.9,66,49.0,0.0
2016-10-02,29.1,34.7,25.6,65,42.0,0.0
2016-10-03,27.5,31.1,24.7,71,58.0,0.0
2016-10-04,27.6,31.8,25.0,69,52.0,0.0
2016-10-05,28.0,32.5,25.5,71,57.0,0.0
2016-10-06,28.6,33.4,25.6,70,49.0,10.0
2016-10-07,26.1,28.2,24.4,82,62.0,10.0
2016-10-08,26.0,31.0,23.3,86,59.0,21.0
2016-10-09,22.1,23.5,21.1,93,89.0,20.5
2016-10-10,22.5,23.9,21.0,92,85.0,3.5
2016-10-11,24.3,27.8,22.7,92,82.0,3.5
2016-10-12,23.1,24.1,22.2,94,89.0,8.5
2016-10-13,23.9,26.4,22.2,86,71.0,0.0
2016-10-14,24.3,26.8,23.1,90,76.0,3.5
2016-10-15,26.6,31.7,24.1,84,58.0,3.5
2016-10-16,28.5,32.7,25.6,70,53.0,0.0
2016-10-17,28.2,32.5,25.8,72,55.0,0.0
2016-10-18,28.7,32.6,26.2,67,53.0,0.0
2016-10-19,28.6,32.3,26.5,68,53.0,0.0
2016-10-20,29.7,34.0,26.1,66,48.0,0.5
2016-10-21,30.1,34.7,27.5,65,48.0,0.0
2016-10-22,28.6,32.4,26.8,75,56.0,0.0
2016-10-23,27.8,32.1,25.3,73,56.0,0.0
2016-10-24,26.9,30.9,25.1,72,59.0,0.0
2016-10-25,27.7,32.1,24.6,73,55.0,0.0
2016-10-26,28.0,32.0,26.0,75,60.0,0.0
2016-10-27,27.1,30.4,25.0,80,68.0,0.0
2016-10-28,27.4,31.2,24.7,78,61.0,0.0
2016-10-29,23.9,26.7,22.2,82,69.0,2.0
2016-10-30,22.6,25.4,21.3,71,59.0,0.0
2016-10-31,23.9,28.1,21.9,70,58.0,0.0
2016-11-01,21.9,24.0,20.5,73,60.0,3.0
2016-11-02,20.4,22.3,19.0,67,58.0,0.0
2016-11-03,21.0,22.3,20.5,68,63.0,0.0
2016-11-04,22.2,25.9,20.3,75,61.0,0.0
2016-11-05,23.7,28.9,20.2,72,46.0,0.0
2016-11-06,24.7,31.0,19.3,65,39.0,0.0
2016-11-07,25.4,31.4,22.6,67,42.0,0.0
2016-11-08,21.9,26.3,18.6,82,68.0,4.5
2016-11-09,18.9,20.5,17.2,78,67.0,2.0
2016-11-10,18.9,20.2,18.2,88,78.0,7.5
2016-11-11,20.8,23.3,18.1,68,56.0,0.0
2016-11-12,23.5,28.5,21.3,71,51.0,0.0
2016-11-13,24.8,32.9,20.4,74,41.0,0.0
2016-11-14,24.7,29.6,21.7,78,59.0,0.0
2016-11-15,24.2,28.0,22.4,75,61.0,0.0
2016-11-16,23.9,28.5,21.8,72,57.0,0.0
2016-11-17,25.3,31.0,20.8,69,49.0,0.0
2016-11-18,24.2,29.2,21.6,73,51.0,0.5
2016-11-19,25.0,30.6,20.3,72,50.0,0.0
2016-11-20,24.5,28.8,21.8,74,53.0,7.0
2016-11-21,22.1,23.9,20.2,86,79.0,15.0
2016-11-22,22.5,25.8,20.5,86,72.0,19.0
2016-11-23,19.4,20.9,17.5,92,86.0,48.0
2016-11-24,18.5,21.3,16.7,81,67.0,2.5
2016-11-25,21.3,24.1,18.5,78,68.0,0.0
2016-11-26,22.0,28.1,18.2,80,54.0,2.0
2016-11-27,18.2,19.4,17.6,88,75.0,10.5
2016-11-28,19.1,21.4,17.2,62,52.0,0.5
2016-11-29,20.7,23.8,18.5,65,55.0,0.0
2016-11-30,22.2,25.3,20.4,75,62.0,0.0
2016-12-01,19.2,21.9,17.7,85,79.0,1.0
2016-12-02,19.5,21.7,18.5,77,67.0,0.0
2016-12-03,21.7,24.4,18.7,81,71.0,0.0
2016-12-04,22.5,24.8,21.0,82,72.0,0.0
2016-12-05,22.0,24.0,20.1,76,66.0,0.0
2016-12-06,19.4,20.6,18.7,63,55.0,0.0
2016-12-07,19.5,21.8,18.4,68,61.0,0.0
2016-12-08,20.2,23.0,18.4,75,67.0,0.0
2016-12-09,20.8,22.3,19.7,72,59.0,0.0
2016-12-10,20.9,24.4,18.3,75,61.0,3.0
2016-12-11,19.1,20.5,17.8,83,71.0,2.5
2016-12-12,20.7,24.6,18.0,77,56.0,0.0
2016-12-13,19.7,24.4,16.9,78,58.0,0.0
2016-12-14,17.9,19.5,15.5,72,66.0,0.0
2016-12-15,14.1,16.2,12.3,70,61.0,0.0
2016-12-16,14.5,17.5,13.3,56,47.0,0.0
2016-12-17,18.0,22.0,13.7,57,48.0,0.0
2016-12-18,20.1,25.1,15.7,62,41.0,0.0
2016-12-19,20.8,29.1,15.2,71,44.0,0.0
2016-12-20,23.5,28.7,18.6,74,54.0,0.0
2016-12-21,23.9,29.8,21.5,76,47.0,0.5
2016-12-22,20.4,23.0,17.6,82,71.0,7.0
2016-12-23,18.0,20.6,16.6,60,51.0,0.0
2016-12-24,18.9,21.8,16.5,60,52.0,0.0
2016-12-25,22.4,27.6,19.0,62,45.0,0.0
2016-12-26,21.5,25.7,17.6,75,57.0,0.0
2016-12-27,15.5,20.7,12.1,78,71.0,0.5
2016-12-28,14.1,15.4,11.8,77,67.0,2.0
2016-12-29,15.1,16.3,14.4,69,59.0,0.0
2016-12-30,17.6,20.2,14.9,66,56.0,0.0
2016-12-31,20.5,25.1,17.6,72,56.0,0.0
